2026-04-17 20:21:46.552 [info] [main] Log level: Info
2026-04-17 20:21:46.552 [info] [main] Validating found git in: "git"
2026-04-17 20:21:46.552 [info] [main] Using git "2.43.0" from "git"
2026-04-17 20:21:46.552 [info] [Model][doInitialScan] Initial repository scan started
2026-04-17 20:21:46.552 [info] > git rev-parse --show-toplevel [12ms]
2026-04-17 20:21:46.552 [info] > git rev-parse --git-dir --git-common-dir --show-superproject-working-tree [19ms]
2026-04-17 20:21:46.552 [info] [Model][openRepository] Opened repository (path): /home/rey_miller_chancahuana_almora
2026-04-17 20:21:46.552 [info] [Model][openRepository] Opened repository (real path): /home/rey_miller_chancahuana_almora
2026-04-17 20:21:46.552 [info] [Model][openRepository] Opened repository (kind): repository
2026-04-17 20:21:46.552 [info] > git config --get commit.template [20ms]
2026-04-17 20:21:46.552 [info] > git rev-parse --show-toplevel [22ms]
2026-04-17 20:21:46.552 [info] > git rev-parse --show-toplevel [13ms]
2026-04-17 20:21:46.557 [info] > git rev-parse --show-toplevel [7ms]
2026-04-17 20:21:46.575 [info] > git rev-parse --show-toplevel [5ms]
2026-04-17 20:21:46.591 [info] > git rev-parse --show-toplevel [7ms]
2026-04-17 20:21:46.607 [info] > git rev-parse --show-toplevel [2ms]
2026-04-17 20:21:46.625 [info] > git rev-parse --show-toplevel [6ms]
2026-04-17 20:21:46.650 [info] > git rev-parse --show-toplevel [3ms]
2026-04-17 20:21:46.658 [info] > git rev-parse --show-toplevel [2ms]
2026-04-17 20:21:46.666 [info] > git rev-parse --show-toplevel [2ms]
2026-04-17 20:21:46.681 [info] > git rev-parse --show-toplevel [1ms]
2026-04-17 20:21:46.682 [info] [Model][doInitialScan] Initial repository scan completed - repositories (1), closed repositories (0), parent repositories (0), unsafe repositories (0)
2026-04-17 20:21:46.704 [info] > git for-each-ref --format=%(refname)%00%(upstream:short)%00%(objectname)%00%(upstream:track)%00%(upstream:remotename)%00%(upstream:remoteref) refs/heads/main refs/remotes/main [201ms]
2026-04-17 20:21:46.787 [info] > git for-each-ref --sort -committerdate --format %(refname)%00%(objectname)%00%(*objectname) [64ms]
2026-04-17 20:21:47.936 [info] > git check-ignore -v -z --stdin [8ms]
2026-04-17 20:21:48.066 [info] > git status -z -uall [1351ms]
2026-04-17 20:21:48.766 [info] > git for-each-ref --format=%(refname)%00%(upstream:short)%00%(objectname)%00%(upstream:track)%00%(upstream:remotename)%00%(upstream:remoteref) refs/heads/main refs/remotes/main [579ms]
2026-04-17 20:21:48.814 [info] > git config --get --local branch.main.vscode-merge-base [42ms]
2026-04-17 20:21:48.816 [warning] [Git][config] git config failed: Failed to execute git
2026-04-17 20:21:48.831 [info] > git config --get commit.template [124ms]
2026-04-17 20:21:48.879 [info] > git check-ignore -v -z --stdin [70ms]
2026-04-17 20:21:48.958 [info] > git reflog main --grep-reflog=branch: Created from *. [127ms]
2026-04-17 20:21:48.988 [info] > git for-each-ref --format=%(refname)%00%(upstream:short)%00%(objectname)%00%(upstream:track)%00%(upstream:remotename)%00%(upstream:remoteref) refs/heads/main refs/remotes/main [81ms]
2026-04-17 20:21:48.994 [info] > git symbolic-ref --short refs/remotes/origin/HEAD [25ms]
2026-04-17 20:21:48.998 [info] fatal: ref refs/remotes/origin/HEAD is not a symbolic ref
2026-04-17 20:21:48.998 [warning] [Repository][getDefaultBranch] Failed to get default branch details: Failed to execute git.
2026-04-17 20:21:49.156 [info] > git merge-base refs/heads/main refs/remotes/origin/main [139ms]
2026-04-17 20:21:49.198 [info] > git diff --raw --numstat --diff-filter=ADMR -z --find-renames=50% f9a8faa24ef9e2ddb4dca70a186268a99a5c5817...refs/remotes/origin/main -- [33ms]
2026-04-17 20:21:49.200 [info] > git for-each-ref --sort -committerdate --format %(refname)%00%(objectname)%00%(*objectname) [14ms]
2026-04-17 20:21:49.438 [info] > git status -z -uall [262ms]
2026-04-17 20:21:53.561 [info] > git show --textconv :JABA/Code.js [1877ms]
2026-04-17 20:21:53.564 [info] > git ls-files --stage -- JABA/Code.js [1869ms]
2026-04-17 20:21:53.585 [info] > git cat-file -s 51bfea3d503ae3edabbb6b7835d8edb71387ec1f [8ms]
2026-04-17 20:21:56.344 [info] > git check-ignore -v -z --stdin [3ms]
2026-04-17 20:21:56.385 [info] > git blame --root --incremental f9a8faa24ef9e2ddb4dca70a186268a99a5c5817 -- JABA/Code.js [21ms]
2026-04-17 20:24:35.987 [info] > git config --get commit.template [14ms]
2026-04-17 20:24:35.988 [info] > git for-each-ref --format=%(refname)%00%(upstream:short)%00%(objectname)%00%(upstream:track)%00%(upstream:remotename)%00%(upstream:remoteref) refs/heads/main refs/remotes/main [4ms]
2026-04-17 20:24:36.014 [info] > git for-each-ref --sort -committerdate --format %(refname)%00%(objectname)%00%(*objectname) [6ms]
2026-04-17 20:24:36.158 [info] > git status -z -uall [162ms]
2026-04-17 20:24:42.223 [info] > git check-ignore -v -z --stdin [3ms]
2026-04-17 20:24:49.233 [info] > git config --get commit.template [10ms]
2026-04-17 20:24:49.234 [info] > git for-each-ref --format=%(refname)%00%(upstream:short)%00%(objectname)%00%(upstream:track)%00%(upstream:remotename)%00%(upstream:remoteref) refs/heads/main refs/remotes/main [3ms]
2026-04-17 20:24:49.257 [info] > git for-each-ref --sort -committerdate --format %(refname)%00%(objectname)%00%(*objectname) [5ms]
2026-04-17 20:24:49.372 [info] > git status -z -uall [131ms]
2026-04-17 20:24:54.176 [info] > git check-ignore -v -z --stdin [4ms]
2026-04-17 20:24:54.426 [info] > git config --get commit.template [2ms]
2026-04-17 20:24:54.436 [info] > git for-each-ref --format=%(refname)%00%(upstream:short)%00%(objectname)%00%(upstream:track)%00%(upstream:remotename)%00%(upstream:remoteref) refs/heads/main refs/remotes/main [2ms]
2026-04-17 20:24:54.473 [info] > git for-each-ref --sort -committerdate --format %(refname)%00%(objectname)%00%(*objectname) [5ms]
2026-04-17 20:24:54.582 [info] > git status -z -uall [132ms]
2026-04-17 20:24:57.060 [info] > git check-ignore -v -z --stdin [5ms]
2026-04-17 20:24:59.629 [info] > git config --get commit.template [9ms]
2026-04-17 20:24:59.631 [info] > git for-each-ref --format=%(refname)%00%(upstream:short)%00%(objectname)%00%(upstream:track)%00%(upstream:remotename)%00%(upstream:remoteref) refs/heads/main refs/remotes/main [3ms]
2026-04-17 20:24:59.654 [info] > git for-each-ref --sort -committerdate --format %(refname)%00%(objectname)%00%(*objectname) [5ms]
2026-04-17 20:24:59.770 [info] > git status -z -uall [132ms]
2026-04-17 20:25:03.522 [info] > git check-ignore -v -z --stdin [4ms]
2026-04-17 20:25:04.809 [info] > git config --get commit.template [10ms]
2026-04-17 20:25:04.811 [info] > git for-each-ref --format=%(refname)%00%(upstream:short)%00%(objectname)%00%(upstream:track)%00%(upstream:remotename)%00%(upstream:remoteref) refs/heads/main refs/remotes/main [3ms]
2026-04-17 20:25:04.844 [info] > git for-each-ref --sort -committerdate --format %(refname)%00%(objectname)%00%(*objectname) [5ms]
2026-04-17 20:25:04.956 [info] > git status -z -uall [134ms]
2026-04-17 20:25:07.827 [info] > git check-ignore -v -z --stdin [3ms]
2026-04-17 20:25:14.900 [info] > git config --get commit.template [9ms]
2026-04-17 20:25:14.901 [info] > git for-each-ref --format=%(refname)%00%(upstream:short)%00%(objectname)%00%(upstream:track)%00%(upstream:remotename)%00%(upstream:remoteref) refs/heads/main refs/remotes/main [3ms]
2026-04-17 20:25:14.924 [info] > git for-each-ref --sort -committerdate --format %(refname)%00%(objectname)%00%(*objectname) [4ms]
2026-04-17 20:25:15.039 [info] > git status -z -uall [130ms]
2026-04-17 20:25:20.214 [info] > git check-ignore -v -z --stdin [3ms]
2026-04-17 20:32:10.405 [info] > git config --get commit.template [11ms]
2026-04-17 20:32:10.406 [info] > git for-each-ref --format=%(refname)%00%(upstream:short)%00%(objectname)%00%(upstream:track)%00%(upstream:remotename)%00%(upstream:remoteref) refs/heads/main refs/remotes/main [4ms]
2026-04-17 20:32:10.432 [info] > git for-each-ref --sort -committerdate --format %(refname)%00%(objectname)%00%(*objectname) [4ms]
2026-04-17 20:32:10.545 [info] > git status -z -uall [131ms]
2026-04-17 20:32:15.343 [info] > git check-ignore -v -z --stdin [3ms]
2026-04-17 20:32:15.612 [info] > git config --get commit.template [10ms]
2026-04-17 20:32:15.614 [info] > git for-each-ref --format=%(refname)%00%(upstream:short)%00%(objectname)%00%(upstream:track)%00%(upstream:remotename)%00%(upstream:remoteref) refs/heads/main refs/remotes/main [2ms]
2026-04-17 20:32:15.638 [info] > git for-each-ref --sort -committerdate --format %(refname)%00%(objectname)%00%(*objectname) [4ms]
2026-04-17 20:32:15.753 [info] > git status -z -uall [131ms]
2026-04-17 20:32:19.233 [info] > git check-ignore -v -z --stdin [3ms]
2026-04-17 20:32:26.763 [info] > git config --get commit.template [4ms]
2026-04-17 20:32:26.773 [info] > git for-each-ref --format=%(refname)%00%(upstream:short)%00%(objectname)%00%(upstream:track)%00%(upstream:remotename)%00%(upstream:remoteref) refs/heads/main refs/remotes/main [2ms]
2026-04-17 20:32:26.798 [info] > git for-each-ref --sort -committerdate --format %(refname)%00%(objectname)%00%(*objectname) [4ms]
2026-04-17 20:32:26.911 [info] > git status -z -uall [129ms]
2026-04-17 20:32:29.989 [info] > git check-ignore -v -z --stdin [3ms]
2026-04-17 20:33:31.286 [info] > git config --get commit.template [2ms]
2026-04-17 20:33:31.297 [info] > git for-each-ref --format=%(refname)%00%(upstream:short)%00%(objectname)%00%(upstream:track)%00%(upstream:remotename)%00%(upstream:remoteref) refs/heads/main refs/remotes/main [2ms]
2026-04-17 20:33:31.321 [info] > git for-each-ref --sort -committerdate --format %(refname)%00%(objectname)%00%(*objectname) [4ms]
2026-04-17 20:33:31.438 [info] > git status -z -uall [132ms]
2026-04-17 20:33:37.213 [info] > git check-ignore -v -z --stdin [4ms]
2026-04-17 20:44:24.238 [info] > git config --get commit.template [10ms]
2026-04-17 20:44:24.240 [info] > git for-each-ref --format=%(refname)%00%(upstream:short)%00%(objectname)%00%(upstream:track)%00%(upstream:remotename)%00%(upstream:remoteref) refs/heads/main refs/remotes/main [2ms]
2026-04-17 20:44:24.263 [info] > git for-each-ref --sort -committerdate --format %(refname)%00%(objectname)%00%(*objectname) [3ms]
2026-04-17 20:44:24.376 [info] > git status -z -uall [129ms]
2026-04-17 20:44:29.196 [info] > git check-ignore -v -z --stdin [3ms]
2026-04-17 20:47:15.216 [info] > git config --get commit.template [10ms]
2026-04-17 20:47:15.217 [info] > git for-each-ref --format=%(refname)%00%(upstream:short)%00%(objectname)%00%(upstream:track)%00%(upstream:remotename)%00%(upstream:remoteref) refs/heads/main refs/remotes/main [3ms]
2026-04-17 20:47:15.240 [info] > git for-each-ref --sort -committerdate --format %(refname)%00%(objectname)%00%(*objectname) [3ms]
2026-04-17 20:47:15.356 [info] > git status -z -uall [131ms]
2026-04-17 20:47:20.209 [info] > git check-ignore -v -z --stdin [4ms]
2026-04-17 20:47:41.651 [info] > git config --get commit.template [9ms]
2026-04-17 20:47:41.653 [info] > git for-each-ref --format=%(refname)%00%(upstream:short)%00%(objectname)%00%(upstream:track)%00%(upstream:remotename)%00%(upstream:remoteref) refs/heads/main refs/remotes/main [3ms]
2026-04-17 20:47:41.676 [info] > git for-each-ref --sort -committerdate --format %(refname)%00%(objectname)%00%(*objectname) [4ms]
2026-04-17 20:47:41.795 [info] > git status -z -uall [134ms]
2026-04-17 20:47:47.201 [info] > git check-ignore -v -z --stdin [3ms]
2026-04-17 20:49:29.649 [info] > git config --get commit.template [10ms]
2026-04-17 20:49:29.650 [info] > git for-each-ref --format=%(refname)%00%(upstream:short)%00%(objectname)%00%(upstream:track)%00%(upstream:remotename)%00%(upstream:remoteref) refs/heads/main refs/remotes/main [3ms]
2026-04-17 20:49:29.675 [info] > git for-each-ref --sort -committerdate --format %(refname)%00%(objectname)%00%(*objectname) [4ms]
2026-04-17 20:49:29.788 [info] > git status -z -uall [131ms]
2026-04-17 20:49:34.590 [info] > git check-ignore -v -z --stdin [3ms]
2026-04-17 20:49:34.832 [info] > git config --get commit.template [9ms]
2026-04-17 20:49:34.833 [info] > git for-each-ref --format=%(refname)%00%(upstream:short)%00%(objectname)%00%(upstream:track)%00%(upstream:remotename)%00%(upstream:remoteref) refs/heads/main refs/remotes/main [2ms]
2026-04-17 20:49:34.857 [info] > git for-each-ref --sort -committerdate --format %(refname)%00%(objectname)%00%(*objectname) [4ms]
2026-04-17 20:49:34.969 [info] > git status -z -uall [128ms]
2026-04-17 20:49:37.414 [info] > git check-ignore -v -z --stdin [7ms]
2026-04-17 20:49:40.017 [info] > git config --get commit.template [9ms]
2026-04-17 20:49:40.018 [info] > git for-each-ref --format=%(refname)%00%(upstream:short)%00%(objectname)%00%(upstream:track)%00%(upstream:remotename)%00%(upstream:remoteref) refs/heads/main refs/remotes/main [2ms]
2026-04-17 20:49:40.044 [info] > git for-each-ref --sort -committerdate --format %(refname)%00%(objectname)%00%(*objectname) [6ms]
2026-04-17 20:49:40.164 [info] > git status -z -uall [137ms]
2026-04-17 20:49:43.193 [info] > git check-ignore -v -z --stdin [3ms]
2026-04-17 20:50:16.485 [info] > git config --get commit.template [3ms]
2026-04-17 20:50:16.502 [info] > git for-each-ref --format=%(refname)%00%(upstream:short)%00%(objectname)%00%(upstream:track)%00%(upstream:remotename)%00%(upstream:remoteref) refs/heads/main refs/remotes/main [3ms]
2026-04-17 20:50:16.545 [info] > git for-each-ref --sort -committerdate --format %(refname)%00%(objectname)%00%(*objectname) [6ms]
2026-04-17 20:50:16.661 [info] > git status -z -uall [146ms]
2026-04-17 20:50:20.636 [info] > git check-ignore -v -z --stdin [3ms]
2026-04-17 20:50:21.725 [info] > git config --get commit.template [11ms]
2026-04-17 20:50:21.726 [info] > git for-each-ref --format=%(refname)%00%(upstream:short)%00%(objectname)%00%(upstream:track)%00%(upstream:remotename)%00%(upstream:remoteref) refs/heads/main refs/remotes/main [2ms]
2026-04-17 20:50:21.754 [info] > git for-each-ref --sort -committerdate --format %(refname)%00%(objectname)%00%(*objectname) [6ms]
2026-04-17 20:50:21.927 [info] > git status -z -uall [189ms]
2026-04-17 20:50:22.356 [info] > git check-ignore -v -z --stdin [7ms]
2026-04-17 20:50:24.115 [info] > git check-ignore -v -z --stdin [5ms]
2026-04-17 20:50:25.554 [info] > git check-ignore -v -z --stdin [3ms]
2026-04-17 20:50:33.190 [info] > git config --get commit.template [10ms]
2026-04-17 20:50:33.191 [info] > git for-each-ref --format=%(refname)%00%(upstream:short)%00%(objectname)%00%(upstream:track)%00%(upstream:remotename)%00%(upstream:remoteref) refs/heads/main refs/remotes/main [2ms]
2026-04-17 20:50:33.216 [info] > git for-each-ref --sort -committerdate --format %(refname)%00%(objectname)%00%(*objectname) [3ms]
2026-04-17 20:50:33.329 [info] > git status -z -uall [129ms]
2026-04-17 20:50:35.801 [info] > git check-ignore -v -z --stdin [2ms]
2026-04-17 20:50:38.373 [info] > git config --get commit.template [9ms]
2026-04-17 20:50:38.374 [info] > git for-each-ref --format=%(refname)%00%(upstream:short)%00%(objectname)%00%(upstream:track)%00%(upstream:remotename)%00%(upstream:remoteref) refs/heads/main refs/remotes/main [3ms]
2026-04-17 20:50:38.401 [info] > git for-each-ref --sort -committerdate --format %(refname)%00%(objectname)%00%(*objectname) [7ms]
2026-04-17 20:50:38.512 [info] > git status -z -uall [130ms]
2026-04-17 20:50:41.199 [info] > git check-ignore -v -z --stdin [3ms]
2026-04-17 20:52:21.455 [info] > git config --get commit.template [11ms]
2026-04-17 20:52:21.457 [info] > git for-each-ref --format=%(refname)%00%(upstream:short)%00%(objectname)%00%(upstream:track)%00%(upstream:remotename)%00%(upstream:remoteref) refs/heads/main refs/remotes/main [3ms]
2026-04-17 20:52:21.480 [info] > git for-each-ref --sort -committerdate --format %(refname)%00%(objectname)%00%(*objectname) [4ms]
2026-04-17 20:52:21.596 [info] > git status -z -uall [132ms]
2026-04-17 20:52:26.397 [info] > git check-ignore -v -z --stdin [4ms]
2026-04-17 20:52:26.633 [info] > git config --get commit.template [2ms]
2026-04-17 20:52:26.643 [info] > git for-each-ref --format=%(refname)%00%(upstream:short)%00%(objectname)%00%(upstream:track)%00%(upstream:remotename)%00%(upstream:remoteref) refs/heads/main refs/remotes/main [2ms]
2026-04-17 20:52:26.666 [info] > git for-each-ref --sort -committerdate --format %(refname)%00%(objectname)%00%(*objectname) [4ms]
2026-04-17 20:52:26.780 [info] > git status -z -uall [130ms]
2026-04-17 20:52:28.985 [info] > git check-ignore -v -z --stdin [3ms]
2026-04-17 20:52:31.819 [info] > git config --get commit.template [10ms]
2026-04-17 20:52:31.820 [info] > git for-each-ref --format=%(refname)%00%(upstream:short)%00%(objectname)%00%(upstream:track)%00%(upstream:remotename)%00%(upstream:remoteref) refs/heads/main refs/remotes/main [2ms]
2026-04-17 20:52:31.843 [info] > git for-each-ref --sort -committerdate --format %(refname)%00%(objectname)%00%(*objectname) [4ms]
2026-04-17 20:52:31.954 [info] > git status -z -uall [126ms]
2026-04-17 20:52:33.784 [info] > git check-ignore -v -z --stdin [3ms]
2026-04-17 20:52:36.995 [info] > git config --get commit.template [11ms]
2026-04-17 20:52:36.996 [info] > git for-each-ref --format=%(refname)%00%(upstream:short)%00%(objectname)%00%(upstream:track)%00%(upstream:remotename)%00%(upstream:remoteref) refs/heads/main refs/remotes/main [2ms]
2026-04-17 20:52:37.020 [info] > git for-each-ref --sort -committerdate --format %(refname)%00%(objectname)%00%(*objectname) [3ms]
2026-04-17 20:52:37.135 [info] > git status -z -uall [131ms]
2026-04-17 20:52:38.958 [info] > git check-ignore -v -z --stdin [3ms]
2026-04-17 20:52:42.174 [info] > git config --get commit.template [10ms]
2026-04-17 20:52:42.175 [info] > git for-each-ref --format=%(refname)%00%(upstream:short)%00%(objectname)%00%(upstream:track)%00%(upstream:remotename)%00%(upstream:remoteref) refs/heads/main refs/remotes/main [2ms]
2026-04-17 20:52:42.199 [info] > git for-each-ref --sort -committerdate --format %(refname)%00%(objectname)%00%(*objectname) [4ms]
2026-04-17 20:52:42.311 [info] > git status -z -uall [127ms]
2026-04-17 20:52:44.121 [info] > git check-ignore -v -z --stdin [3ms]
2026-04-17 20:52:47.349 [info] > git config --get commit.template [10ms]
2026-04-17 20:52:47.351 [info] > git for-each-ref --format=%(refname)%00%(upstream:short)%00%(objectname)%00%(upstream:track)%00%(upstream:remotename)%00%(upstream:remoteref) refs/heads/main refs/remotes/main [3ms]
2026-04-17 20:52:47.376 [info] > git for-each-ref --sort -committerdate --format %(refname)%00%(objectname)%00%(*objectname) [3ms]
2026-04-17 20:52:47.492 [info] > git status -z -uall [131ms]
2026-04-17 20:52:49.943 [info] > git check-ignore -v -z --stdin [5ms]
2026-04-17 20:52:52.532 [info] > git config --get commit.template [10ms]
2026-04-17 20:52:52.534 [info] > git for-each-ref --format=%(refname)%00%(upstream:short)%00%(objectname)%00%(upstream:track)%00%(upstream:remotename)%00%(upstream:remoteref) refs/heads/main refs/remotes/main [2ms]
2026-04-17 20:52:52.557 [info] > git for-each-ref --sort -committerdate --format %(refname)%00%(objectname)%00%(*objectname) [3ms]
2026-04-17 20:52:52.673 [info] > git status -z -uall [131ms]
2026-04-17 20:52:55.100 [info] > git check-ignore -v -z --stdin [3ms]
2026-04-17 20:52:57.709 [info] > git config --get commit.template [1ms]
2026-04-17 20:52:57.721 [info] > git for-each-ref --format=%(refname)%00%(upstream:short)%00%(objectname)%00%(upstream:track)%00%(upstream:remotename)%00%(upstream:remoteref) refs/heads/main refs/remotes/main [2ms]
2026-04-17 20:52:57.745 [info] > git for-each-ref --sort -committerdate --format %(refname)%00%(objectname)%00%(*objectname) [5ms]
2026-04-17 20:52:57.859 [info] > git status -z -uall [130ms]
2026-04-17 20:53:00.268 [info] > git check-ignore -v -z --stdin [4ms]
2026-04-17 20:53:02.899 [info] > git config --get commit.template [9ms]
2026-04-17 20:53:02.901 [info] > git for-each-ref --format=%(refname)%00%(upstream:short)%00%(objectname)%00%(upstream:track)%00%(upstream:remotename)%00%(upstream:remoteref) refs/heads/main refs/remotes/main [3ms]
2026-04-17 20:53:02.925 [info] > git for-each-ref --sort -committerdate --format %(refname)%00%(objectname)%00%(*objectname) [3ms]
2026-04-17 20:53:03.036 [info] > git status -z -uall [127ms]
2026-04-17 20:53:05.488 [info] > git check-ignore -v -z --stdin [3ms]
2026-04-17 20:53:08.071 [info] > git config --get commit.template [10ms]
2026-04-17 20:53:08.073 [info] > git for-each-ref --format=%(refname)%00%(upstream:short)%00%(objectname)%00%(upstream:track)%00%(upstream:remotename)%00%(upstream:remoteref) refs/heads/main refs/remotes/main [3ms]
2026-04-17 20:53:08.096 [info] > git for-each-ref --sort -committerdate --format %(refname)%00%(objectname)%00%(*objectname) [4ms]
2026-04-17 20:53:08.208 [info] > git status -z -uall [127ms]
2026-04-17 20:53:10.616 [info] > git check-ignore -v -z --stdin [2ms]
2026-04-17 20:53:13.236 [info] > git config --get commit.template [2ms]
2026-04-17 20:53:13.245 [info] > git for-each-ref --format=%(refname)%00%(upstream:short)%00%(objectname)%00%(upstream:track)%00%(upstream:remotename)%00%(upstream:remoteref) refs/heads/main refs/remotes/main [2ms]
2026-04-17 20:53:13.268 [info] > git for-each-ref --sort -committerdate --format %(refname)%00%(objectname)%00%(*objectname) [4ms]
2026-04-17 20:53:13.380 [info] > git status -z -uall [127ms]
2026-04-17 20:53:15.804 [info] > git check-ignore -v -z --stdin [3ms]
2026-04-17 20:53:18.416 [info] > git config --get commit.template [9ms]
2026-04-17 20:53:18.418 [info] > git for-each-ref --format=%(refname)%00%(upstream:short)%00%(objectname)%00%(upstream:track)%00%(upstream:remotename)%00%(upstream:remoteref) refs/heads/main refs/remotes/main [2ms]
2026-04-17 20:53:18.442 [info] > git for-each-ref --sort -committerdate --format %(refname)%00%(objectname)%00%(*objectname) [4ms]
2026-04-17 20:53:18.558 [info] > git status -z -uall [131ms]
2026-04-17 20:53:20.982 [info] > git check-ignore -v -z --stdin [3ms]
2026-04-17 20:53:23.593 [info] > git config --get commit.template [10ms]
2026-04-17 20:53:23.594 [info] > git for-each-ref --format=%(refname)%00%(upstream:short)%00%(objectname)%00%(upstream:track)%00%(upstream:remotename)%00%(upstream:remoteref) refs/heads/main refs/remotes/main [2ms]
2026-04-17 20:53:23.618 [info] > git for-each-ref --sort -committerdate --format %(refname)%00%(objectname)%00%(*objectname) [2ms]
2026-04-17 20:53:23.731 [info] > git status -z -uall [129ms]
2026-04-17 20:53:26.142 [info] > git check-ignore -v -z --stdin [3ms]
2026-04-17 20:53:28.766 [info] > git config --get commit.template [11ms]
2026-04-17 20:53:28.767 [info] > git for-each-ref --format=%(refname)%00%(upstream:short)%00%(objectname)%00%(upstream:track)%00%(upstream:remotename)%00%(upstream:remoteref) refs/heads/main refs/remotes/main [2ms]
2026-04-17 20:53:28.791 [info] > git for-each-ref --sort -committerdate --format %(refname)%00%(objectname)%00%(*objectname) [3ms]
2026-04-17 20:53:28.904 [info] > git status -z -uall [127ms]
2026-04-17 20:53:31.309 [info] > git check-ignore -v -z --stdin [3ms]
2026-04-17 20:53:33.939 [info] > git config --get commit.template [10ms]
2026-04-17 20:53:33.941 [info] > git for-each-ref --format=%(refname)%00%(upstream:short)%00%(objectname)%00%(upstream:track)%00%(upstream:remotename)%00%(upstream:remoteref) refs/heads/main refs/remotes/main [3ms]
2026-04-17 20:53:33.964 [info] > git for-each-ref --sort -committerdate --format %(refname)%00%(objectname)%00%(*objectname) [4ms]
2026-04-17 20:53:34.076 [info] > git status -z -uall [128ms]
2026-04-17 20:53:36.516 [info] > git check-ignore -v -z --stdin [10ms]
2026-04-17 20:53:39.105 [info] > git config --get commit.template [2ms]
2026-04-17 20:53:39.115 [info] > git for-each-ref --format=%(refname)%00%(upstream:short)%00%(objectname)%00%(upstream:track)%00%(upstream:remotename)%00%(upstream:remoteref) refs/heads/main refs/remotes/main [2ms]
2026-04-17 20:53:39.139 [info] > git for-each-ref --sort -committerdate --format %(refname)%00%(objectname)%00%(*objectname) [4ms]
2026-04-17 20:53:39.251 [info] > git status -z -uall [128ms]
2026-04-17 20:53:41.665 [info] > git check-ignore -v -z --stdin [3ms]
2026-04-17 20:53:44.286 [info] > git config --get commit.template [9ms]
2026-04-17 20:53:44.287 [info] > git for-each-ref --format=%(refname)%00%(upstream:short)%00%(objectname)%00%(upstream:track)%00%(upstream:remotename)%00%(upstream:remoteref) refs/heads/main refs/remotes/main [2ms]
2026-04-17 20:53:44.310 [info] > git for-each-ref --sort -committerdate --format %(refname)%00%(objectname)%00%(*objectname) [5ms]
2026-04-17 20:53:44.421 [info] > git status -z -uall [126ms]
2026-04-17 20:53:46.821 [info] > git check-ignore -v -z --stdin [3ms]
2026-04-17 20:53:49.563 [info] > git config --get commit.template [9ms]
2026-04-17 20:53:49.565 [info] > git for-each-ref --format=%(refname)%00%(upstream:short)%00%(objectname)%00%(upstream:track)%00%(upstream:remotename)%00%(upstream:remoteref) refs/heads/main refs/remotes/main [3ms]
2026-04-17 20:53:49.588 [info] > git for-each-ref --sort -committerdate --format %(refname)%00%(objectname)%00%(*objectname) [3ms]
2026-04-17 20:53:49.704 [info] > git status -z -uall [131ms]
2026-04-17 20:53:52.153 [info] > git check-ignore -v -z --stdin [3ms]
2026-04-17 20:53:54.742 [info] > git config --get commit.template [10ms]
2026-04-17 20:53:54.743 [info] > git for-each-ref --format=%(refname)%00%(upstream:short)%00%(objectname)%00%(upstream:track)%00%(upstream:remotename)%00%(upstream:remoteref) refs/heads/main refs/remotes/main [3ms]
2026-04-17 20:53:54.767 [info] > git for-each-ref --sort -committerdate --format %(refname)%00%(objectname)%00%(*objectname) [4ms]
2026-04-17 20:53:54.882 [info] > git status -z -uall [131ms]
2026-04-17 20:53:57.303 [info] > git check-ignore -v -z --stdin [3ms]
2026-04-17 20:53:59.909 [info] > git config --get commit.template [3ms]
2026-04-17 20:53:59.919 [info] > git for-each-ref --format=%(refname)%00%(upstream:short)%00%(objectname)%00%(upstream:track)%00%(upstream:remotename)%00%(upstream:remoteref) refs/heads/main refs/remotes/main [3ms]
2026-04-17 20:53:59.945 [info] > git for-each-ref --sort -committerdate --format %(refname)%00%(objectname)%00%(*objectname) [6ms]
2026-04-17 20:54:00.058 [info] > git status -z -uall [131ms]
2026-04-17 20:54:02.475 [info] > git check-ignore -v -z --stdin [3ms]
2026-04-17 20:54:05.089 [info] > git config --get commit.template [2ms]
2026-04-17 20:54:05.099 [info] > git for-each-ref --format=%(refname)%00%(upstream:short)%00%(objectname)%00%(upstream:track)%00%(upstream:remotename)%00%(upstream:remoteref) refs/heads/main refs/remotes/main [2ms]
2026-04-17 20:54:05.123 [info] > git for-each-ref --sort -committerdate --format %(refname)%00%(objectname)%00%(*objectname) [2ms]
2026-04-17 20:54:05.234 [info] > git status -z -uall [127ms]
2026-04-17 20:54:07.661 [info] > git check-ignore -v -z --stdin [3ms]
2026-04-17 20:54:10.270 [info] > git config --get commit.template [2ms]
2026-04-17 20:54:10.280 [info] > git for-each-ref --format=%(refname)%00%(upstream:short)%00%(objectname)%00%(upstream:track)%00%(upstream:remotename)%00%(upstream:remoteref) refs/heads/main refs/remotes/main [2ms]
2026-04-17 20:54:10.306 [info] > git for-each-ref --sort -committerdate --format %(refname)%00%(objectname)%00%(*objectname) [3ms]
2026-04-17 20:54:10.419 [info] > git status -z -uall [130ms]
2026-04-17 20:54:12.854 [info] > git check-ignore -v -z --stdin [4ms]
2026-04-17 20:54:15.450 [info] > git config --get commit.template [2ms]
2026-04-17 20:54:15.460 [info] > git for-each-ref --format=%(refname)%00%(upstream:short)%00%(objectname)%00%(upstream:track)%00%(upstream:remotename)%00%(upstream:remoteref) refs/heads/main refs/remotes/main [2ms]
2026-04-17 20:54:15.487 [info] > git for-each-ref --sort -committerdate --format %(refname)%00%(objectname)%00%(*objectname) [4ms]
2026-04-17 20:54:15.598 [info] > git status -z -uall [128ms]
2026-04-17 20:54:18.190 [info] > git check-ignore -v -z --stdin [3ms]
2026-04-17 20:54:44.767 [info] > git config --get commit.template [11ms]
2026-04-17 20:54:44.768 [info] > git for-each-ref --format=%(refname)%00%(upstream:short)%00%(objectname)%00%(upstream:track)%00%(upstream:remotename)%00%(upstream:remoteref) refs/heads/main refs/remotes/main [3ms]
2026-04-17 20:54:44.792 [info] > git for-each-ref --sort -committerdate --format %(refname)%00%(objectname)%00%(*objectname) [4ms]
2026-04-17 20:54:44.909 [info] > git status -z -uall [133ms]
2026-04-17 20:54:49.688 [info] > git check-ignore -v -z --stdin [5ms]
2026-04-17 20:54:49.947 [info] > git config --get commit.template [3ms]
2026-04-17 20:54:49.963 [info] > git for-each-ref --format=%(refname)%00%(upstream:short)%00%(objectname)%00%(upstream:track)%00%(upstream:remotename)%00%(upstream:remoteref) refs/heads/main refs/remotes/main [4ms]
2026-04-17 20:54:49.999 [info] > git for-each-ref --sort -committerdate --format %(refname)%00%(objectname)%00%(*objectname) [4ms]
2026-04-17 20:54:50.196 [info] > git status -z -uall [221ms]
2026-04-17 20:54:52.410 [info] > git check-ignore -v -z --stdin [3ms]
2026-04-17 20:54:56.744 [info] > git config --get commit.template [1ms]
2026-04-17 20:54:56.758 [info] > git for-each-ref --format=%(refname)%00%(upstream:short)%00%(objectname)%00%(upstream:track)%00%(upstream:remotename)%00%(upstream:remoteref) refs/heads/main refs/remotes/main [3ms]
2026-04-17 20:54:56.799 [info] > git for-each-ref --sort -committerdate --format %(refname)%00%(objectname)%00%(*objectname) [10ms]
2026-04-17 20:54:56.938 [info] > git status -z -uall [168ms]
2026-04-17 20:54:59.445 [info] > git check-ignore -v -z --stdin [4ms]
2026-04-17 20:55:03.755 [info] > git config --get commit.template [13ms]
2026-04-17 20:55:03.756 [info] > git for-each-ref --format=%(refname)%00%(upstream:short)%00%(objectname)%00%(upstream:track)%00%(upstream:remotename)%00%(upstream:remoteref) refs/heads/main refs/remotes/main [3ms]
2026-04-17 20:55:03.787 [info] > git for-each-ref --sort -committerdate --format %(refname)%00%(objectname)%00%(*objectname) [5ms]
2026-04-17 20:55:03.899 [info] > git status -z -uall [132ms]
2026-04-17 20:55:06.384 [info] > git check-ignore -v -z --stdin [4ms]
2026-04-17 20:55:08.934 [info] > git config --get commit.template [10ms]
2026-04-17 20:55:08.935 [info] > git for-each-ref --format=%(refname)%00%(upstream:short)%00%(objectname)%00%(upstream:track)%00%(upstream:remotename)%00%(upstream:remoteref) refs/heads/main refs/remotes/main [2ms]
2026-04-17 20:55:08.958 [info] > git for-each-ref --sort -committerdate --format %(refname)%00%(objectname)%00%(*objectname) [4ms]
2026-04-17 20:55:09.070 [info] > git status -z -uall [127ms]
2026-04-17 20:55:12.186 [info] > git check-ignore -v -z --stdin [3ms]
2026-04-17 21:05:29.529 [info] > git for-each-ref --format=%(refname)%00%(upstream:short)%00%(objectname)%00%(upstream:track)%00%(upstream:remotename)%00%(upstream:remoteref) refs/heads/main refs/remotes/main [21ms]
2026-04-17 21:05:29.529 [info] > git config --get commit.template [32ms]
2026-04-17 21:05:29.553 [info] > git for-each-ref --sort -committerdate --format %(refname)%00%(objectname)%00%(*objectname) [4ms]
2026-04-17 21:05:29.674 [info] > git status -z -uall [137ms]
2026-04-17 21:05:35.181 [info] > git check-ignore -v -z --stdin [4ms]
2026-04-17 21:11:01.706 [info] > git config --get commit.template [13ms]
2026-04-17 21:11:01.707 [info] > git for-each-ref --format=%(refname)%00%(upstream:short)%00%(objectname)%00%(upstream:track)%00%(upstream:remotename)%00%(upstream:remoteref) refs/heads/main refs/remotes/main [3ms]
2026-04-17 21:11:01.739 [info] > git for-each-ref --sort -committerdate --format %(refname)%00%(objectname)%00%(*objectname) [7ms]
2026-04-17 21:11:01.854 [info] > git status -z -uall [137ms]
2026-04-17 21:11:06.691 [info] > git check-ignore -v -z --stdin [2ms]
2026-04-17 21:11:06.906 [info] > git config --get commit.template [10ms]
2026-04-17 21:11:06.908 [info] > git for-each-ref --format=%(refname)%00%(upstream:short)%00%(objectname)%00%(upstream:track)%00%(upstream:remotename)%00%(upstream:remoteref) refs/heads/main refs/remotes/main [3ms]
2026-04-17 21:11:06.934 [info] > git for-each-ref --sort -committerdate --format %(refname)%00%(objectname)%00%(*objectname) [4ms]
2026-04-17 21:11:07.048 [info] > git status -z -uall [132ms]
2026-04-17 21:11:09.252 [info] > git check-ignore -v -z --stdin [5ms]
2026-04-17 21:11:12.094 [info] > git config --get commit.template [13ms]
2026-04-17 21:11:12.095 [info] > git for-each-ref --format=%(refname)%00%(upstream:short)%00%(objectname)%00%(upstream:track)%00%(upstream:remotename)%00%(upstream:remoteref) refs/heads/main refs/remotes/main [5ms]
2026-04-17 21:11:12.121 [info] > git for-each-ref --sort -committerdate --format %(refname)%00%(objectname)%00%(*objectname) [3ms]
2026-04-17 21:11:12.237 [info] > git status -z -uall [133ms]
2026-04-17 21:11:14.660 [info] > git check-ignore -v -z --stdin [4ms]
2026-04-17 21:11:17.269 [info] > git config --get commit.template [3ms]
2026-04-17 21:11:17.279 [info] > git for-each-ref --format=%(refname)%00%(upstream:short)%00%(objectname)%00%(upstream:track)%00%(upstream:remotename)%00%(upstream:remoteref) refs/heads/main refs/remotes/main [2ms]
2026-04-17 21:11:17.304 [info] > git for-each-ref --sort -committerdate --format %(refname)%00%(objectname)%00%(*objectname) [5ms]
2026-04-17 21:11:17.417 [info] > git status -z -uall [130ms]
2026-04-17 21:11:19.874 [info] > git check-ignore -v -z --stdin [2ms]
2026-04-17 21:11:27.893 [info] > git config --get commit.template [10ms]
2026-04-17 21:11:27.894 [info] > git for-each-ref --format=%(refname)%00%(upstream:short)%00%(objectname)%00%(upstream:track)%00%(upstream:remotename)%00%(upstream:remoteref) refs/heads/main refs/remotes/main [2ms]
2026-04-17 21:11:27.918 [info] > git for-each-ref --sort -committerdate --format %(refname)%00%(objectname)%00%(*objectname) [3ms]
2026-04-17 21:11:28.031 [info] > git status -z -uall [129ms]
2026-04-17 21:11:30.889 [info] > git check-ignore -v -z --stdin [3ms]
2026-04-17 21:11:33.073 [info] > git config --get commit.template [9ms]
2026-04-17 21:11:33.075 [info] > git for-each-ref --format=%(refname)%00%(upstream:short)%00%(objectname)%00%(upstream:track)%00%(upstream:remotename)%00%(upstream:remoteref) refs/heads/main refs/remotes/main [2ms]
2026-04-17 21:11:33.107 [info] > git for-each-ref --sort -committerdate --format %(refname)%00%(objectname)%00%(*objectname) [3ms]
2026-04-17 21:11:33.225 [info] > git status -z -uall [140ms]
2026-04-17 21:11:35.274 [info] > git check-ignore -v -z --stdin [3ms]
2026-04-17 21:11:38.264 [info] > git config --get commit.template [10ms]
2026-04-17 21:11:38.266 [info] > git for-each-ref --format=%(refname)%00%(upstream:short)%00%(objectname)%00%(upstream:track)%00%(upstream:remotename)%00%(upstream:remoteref) refs/heads/main refs/remotes/main [2ms]
2026-04-17 21:11:38.294 [info] > git for-each-ref --sort -committerdate --format %(refname)%00%(objectname)%00%(*objectname) [6ms]
2026-04-17 21:11:38.416 [info] > git status -z -uall [142ms]
2026-04-17 21:11:40.254 [info] > git check-ignore -v -z --stdin [5ms]
2026-04-17 21:11:43.455 [info] > git config --get commit.template [10ms]
2026-04-17 21:11:43.457 [info] > git for-each-ref --format=%(refname)%00%(upstream:short)%00%(objectname)%00%(upstream:track)%00%(upstream:remotename)%00%(upstream:remoteref) refs/heads/main refs/remotes/main [3ms]
2026-04-17 21:11:43.483 [info] > git for-each-ref --sort -committerdate --format %(refname)%00%(objectname)%00%(*objectname) [5ms]
2026-04-17 21:11:43.594 [info] > git status -z -uall [129ms]
2026-04-17 21:11:46.551 [info] > git check-ignore -v -z --stdin [3ms]
2026-04-17 21:11:50.100 [info] > git config --get commit.template [11ms]
2026-04-17 21:11:50.101 [info] > git for-each-ref --format=%(refname)%00%(upstream:short)%00%(objectname)%00%(upstream:track)%00%(upstream:remotename)%00%(upstream:remoteref) refs/heads/main refs/remotes/main [2ms]
2026-04-17 21:11:50.125 [info] > git for-each-ref --sort -committerdate --format %(refname)%00%(objectname)%00%(*objectname) [4ms]
2026-04-17 21:11:50.240 [info] > git status -z -uall [130ms]
2026-04-17 21:11:52.081 [info] > git check-ignore -v -z --stdin [3ms]
2026-04-17 21:11:57.233 [info] > git config --get commit.template [2ms]
2026-04-17 21:11:57.244 [info] > git for-each-ref --format=%(refname)%00%(upstream:short)%00%(objectname)%00%(upstream:track)%00%(upstream:remotename)%00%(upstream:remoteref) refs/heads/main refs/remotes/main [3ms]
2026-04-17 21:11:57.270 [info] > git for-each-ref --sort -committerdate --format %(refname)%00%(objectname)%00%(*objectname) [4ms]
2026-04-17 21:11:57.384 [info] > git status -z -uall [132ms]
2026-04-17 21:11:59.819 [info] > git check-ignore -v -z --stdin [3ms]
2026-04-17 21:12:02.441 [info] > git config --get commit.template [10ms]
2026-04-17 21:12:02.443 [info] > git for-each-ref --format=%(refname)%00%(upstream:short)%00%(objectname)%00%(upstream:track)%00%(upstream:remotename)%00%(upstream:remoteref) refs/heads/main refs/remotes/main [3ms]
2026-04-17 21:12:02.476 [info] > git for-each-ref --sort -committerdate --format %(refname)%00%(objectname)%00%(*objectname) [5ms]
2026-04-17 21:12:02.588 [info] > git status -z -uall [132ms]
2026-04-17 21:12:04.409 [info] > git check-ignore -v -z --stdin [3ms]
2026-04-17 21:12:07.616 [info] > git config --get commit.template [2ms]
2026-04-17 21:12:07.627 [info] > git for-each-ref --format=%(refname)%00%(upstream:short)%00%(objectname)%00%(upstream:track)%00%(upstream:remotename)%00%(upstream:remoteref) refs/heads/main refs/remotes/main [3ms]
2026-04-17 21:12:07.653 [info] > git for-each-ref --sort -committerdate --format %(refname)%00%(objectname)%00%(*objectname) [3ms]
2026-04-17 21:12:07.766 [info] > git status -z -uall [131ms]
2026-04-17 21:12:10.185 [info] > git check-ignore -v -z --stdin [3ms]
2026-04-17 21:12:12.804 [info] > git config --get commit.template [11ms]
2026-04-17 21:12:12.805 [info] > git for-each-ref --format=%(refname)%00%(upstream:short)%00%(objectname)%00%(upstream:track)%00%(upstream:remotename)%00%(upstream:remoteref) refs/heads/main refs/remotes/main [2ms]
2026-04-17 21:12:12.829 [info] > git for-each-ref --sort -committerdate --format %(refname)%00%(objectname)%00%(*objectname) [4ms]
2026-04-17 21:12:12.941 [info] > git status -z -uall [128ms]
2026-04-17 21:12:14.795 [info] > git check-ignore -v -z --stdin [3ms]
2026-04-17 21:12:17.978 [info] > git config --get commit.template [10ms]
2026-04-17 21:12:17.980 [info] > git for-each-ref --format=%(refname)%00%(upstream:short)%00%(objectname)%00%(upstream:track)%00%(upstream:remotename)%00%(upstream:remoteref) refs/heads/main refs/remotes/main [3ms]
2026-04-17 21:12:18.004 [info] > git for-each-ref --sort -committerdate --format %(refname)%00%(objectname)%00%(*objectname) [4ms]
2026-04-17 21:12:18.119 [info] > git status -z -uall [131ms]
2026-04-17 21:12:20.563 [info] > git check-ignore -v -z --stdin [3ms]
2026-04-17 21:12:23.159 [info] > git config --get commit.template [10ms]
2026-04-17 21:12:23.161 [info] > git for-each-ref --format=%(refname)%00%(upstream:short)%00%(objectname)%00%(upstream:track)%00%(upstream:remotename)%00%(upstream:remoteref) refs/heads/main refs/remotes/main [2ms]
2026-04-17 21:12:23.189 [info] > git for-each-ref --sort -committerdate --format %(refname)%00%(objectname)%00%(*objectname) [5ms]
2026-04-17 21:12:23.307 [info] > git status -z -uall [137ms]
2026-04-17 21:12:25.731 [info] > git check-ignore -v -z --stdin [4ms]
2026-04-17 21:12:29.381 [info] > git config --get commit.template [12ms]
2026-04-17 21:12:29.382 [info] > git for-each-ref --format=%(refname)%00%(upstream:short)%00%(objectname)%00%(upstream:track)%00%(upstream:remotename)%00%(upstream:remoteref) refs/heads/main refs/remotes/main [2ms]
2026-04-17 21:12:29.406 [info] > git for-each-ref --sort -committerdate --format %(refname)%00%(objectname)%00%(*objectname) [4ms]
2026-04-17 21:12:29.518 [info] > git status -z -uall [128ms]
2026-04-17 21:12:31.347 [info] > git check-ignore -v -z --stdin [3ms]
2026-04-17 21:12:34.554 [info] > git config --get commit.template [11ms]
2026-04-17 21:12:34.555 [info] > git for-each-ref --format=%(refname)%00%(upstream:short)%00%(objectname)%00%(upstream:track)%00%(upstream:remotename)%00%(upstream:remoteref) refs/heads/main refs/remotes/main [2ms]
2026-04-17 21:12:34.581 [info] > git for-each-ref --sort -committerdate --format %(refname)%00%(objectname)%00%(*objectname) [4ms]
2026-04-17 21:12:34.696 [info] > git status -z -uall [133ms]
2026-04-17 21:12:37.131 [info] > git check-ignore -v -z --stdin [3ms]
2026-04-17 21:12:39.731 [info] > git config --get commit.template [10ms]
2026-04-17 21:12:39.733 [info] > git for-each-ref --format=%(refname)%00%(upstream:short)%00%(objectname)%00%(upstream:track)%00%(upstream:remotename)%00%(upstream:remoteref) refs/heads/main refs/remotes/main [3ms]
2026-04-17 21:12:39.757 [info] > git for-each-ref --sort -committerdate --format %(refname)%00%(objectname)%00%(*objectname) [4ms]
2026-04-17 21:12:39.870 [info] > git status -z -uall [129ms]
2026-04-17 21:12:42.281 [info] > git check-ignore -v -z --stdin [3ms]
2026-04-17 21:12:44.911 [info] > git config --get commit.template [11ms]
2026-04-17 21:12:44.913 [info] > git for-each-ref --format=%(refname)%00%(upstream:short)%00%(objectname)%00%(upstream:track)%00%(upstream:remotename)%00%(upstream:remoteref) refs/heads/main refs/remotes/main [3ms]
2026-04-17 21:12:44.937 [info] > git for-each-ref --sort -committerdate --format %(refname)%00%(objectname)%00%(*objectname) [4ms]
2026-04-17 21:12:45.051 [info] > git status -z -uall [130ms]
2026-04-17 21:12:46.875 [info] > git check-ignore -v -z --stdin [3ms]
2026-04-17 21:13:00.755 [info] > git config --get commit.template [11ms]
2026-04-17 21:13:00.757 [info] > git for-each-ref --format=%(refname)%00%(upstream:short)%00%(objectname)%00%(upstream:track)%00%(upstream:remotename)%00%(upstream:remoteref) refs/heads/main refs/remotes/main [3ms]
2026-04-17 21:13:00.784 [info] > git for-each-ref --sort -committerdate --format %(refname)%00%(objectname)%00%(*objectname) [3ms]
2026-04-17 21:13:00.897 [info] > git status -z -uall [130ms]
2026-04-17 21:13:05.032 [info] > git check-ignore -v -z --stdin [4ms]
2026-04-17 21:13:05.927 [info] > git config --get commit.template [4ms]
2026-04-17 21:13:05.937 [info] > git for-each-ref --format=%(refname)%00%(upstream:short)%00%(objectname)%00%(upstream:track)%00%(upstream:remotename)%00%(upstream:remoteref) refs/heads/main refs/remotes/main [2ms]
2026-04-17 21:13:05.961 [info] > git for-each-ref --sort -committerdate --format %(refname)%00%(objectname)%00%(*objectname) [3ms]
2026-04-17 21:13:06.074 [info] > git status -z -uall [128ms]
2026-04-17 21:13:08.265 [info] > git check-ignore -v -z --stdin [2ms]
2026-04-17 21:13:11.114 [info] > git config --get commit.template [10ms]
2026-04-17 21:13:11.116 [info] > git for-each-ref --format=%(refname)%00%(upstream:short)%00%(objectname)%00%(upstream:track)%00%(upstream:remotename)%00%(upstream:remoteref) refs/heads/main refs/remotes/main [3ms]
2026-04-17 21:13:11.141 [info] > git for-each-ref --sort -committerdate --format %(refname)%00%(objectname)%00%(*objectname) [3ms]
2026-04-17 21:13:11.256 [info] > git status -z -uall [132ms]
2026-04-17 21:13:13.662 [info] > git check-ignore -v -z --stdin [2ms]
2026-04-17 21:13:16.284 [info] > git config --get commit.template [2ms]
2026-04-17 21:13:16.296 [info] > git for-each-ref --format=%(refname)%00%(upstream:short)%00%(objectname)%00%(upstream:track)%00%(upstream:remotename)%00%(upstream:remoteref) refs/heads/main refs/remotes/main [3ms]
2026-04-17 21:13:16.320 [info] > git for-each-ref --sort -committerdate --format %(refname)%00%(objectname)%00%(*objectname) [4ms]
2026-04-17 21:13:16.433 [info] > git status -z -uall [129ms]
2026-04-17 21:13:18.844 [info] > git check-ignore -v -z --stdin [3ms]
2026-04-17 21:13:21.488 [info] > git config --get commit.template [10ms]
2026-04-17 21:13:21.490 [info] > git for-each-ref --format=%(refname)%00%(upstream:short)%00%(objectname)%00%(upstream:track)%00%(upstream:remotename)%00%(upstream:remoteref) refs/heads/main refs/remotes/main [3ms]
2026-04-17 21:13:21.514 [info] > git for-each-ref --sort -committerdate --format %(refname)%00%(objectname)%00%(*objectname) [4ms]
2026-04-17 21:13:21.628 [info] > git status -z -uall [130ms]
2026-04-17 21:13:24.052 [info] > git check-ignore -v -z --stdin [4ms]
2026-04-17 21:13:28.505 [info] > git config --get commit.template [10ms]
2026-04-17 21:13:28.507 [info] > git for-each-ref --format=%(refname)%00%(upstream:short)%00%(objectname)%00%(upstream:track)%00%(upstream:remotename)%00%(upstream:remoteref) refs/heads/main refs/remotes/main [3ms]
2026-04-17 21:13:28.532 [info] > git for-each-ref --sort -committerdate --format %(refname)%00%(objectname)%00%(*objectname) [5ms]
2026-04-17 21:13:28.647 [info] > git status -z -uall [132ms]
2026-04-17 21:13:31.088 [info] > git check-ignore -v -z --stdin [4ms]
2026-04-17 21:13:54.550 [info] > git config --get commit.template [10ms]
2026-04-17 21:13:54.551 [info] > git for-each-ref --format=%(refname)%00%(upstream:short)%00%(objectname)%00%(upstream:track)%00%(upstream:remotename)%00%(upstream:remoteref) refs/heads/main refs/remotes/main [3ms]
2026-04-17 21:13:54.583 [info] > git for-each-ref --sort -committerdate --format %(refname)%00%(objectname)%00%(*objectname) [11ms]
2026-04-17 21:13:55.134 [info] > git status -z -uall [574ms]
2026-04-17 21:14:00.178 [info] > git check-ignore -v -z --stdin [2ms]
2026-04-17 21:14:18.238 [info] > git config --get commit.template [11ms]
2026-04-17 21:14:18.239 [info] > git for-each-ref --format=%(refname)%00%(upstream:short)%00%(objectname)%00%(upstream:track)%00%(upstream:remotename)%00%(upstream:remoteref) refs/heads/main refs/remotes/main [2ms]
2026-04-17 21:14:18.263 [info] > git for-each-ref --sort -committerdate --format %(refname)%00%(objectname)%00%(*objectname) [2ms]
2026-04-17 21:14:18.382 [info] > git status -z -uall [135ms]
2026-04-17 21:14:23.163 [info] > git check-ignore -v -z --stdin [3ms]
2026-04-17 21:14:23.434 [info] > git config --get commit.template [11ms]
2026-04-17 21:14:23.435 [info] > git for-each-ref --format=%(refname)%00%(upstream:short)%00%(objectname)%00%(upstream:track)%00%(upstream:remotename)%00%(upstream:remoteref) refs/heads/main refs/remotes/main [2ms]
2026-04-17 21:14:23.463 [info] > git for-each-ref --sort -committerdate --format %(refname)%00%(objectname)%00%(*objectname) [5ms]
2026-04-17 21:14:23.573 [info] > git status -z -uall [129ms]
2026-04-17 21:14:26.019 [info] > git check-ignore -v -z --stdin [3ms]
2026-04-17 21:14:35.663 [info] > git config --get commit.template [3ms]
2026-04-17 21:14:35.673 [info] > git for-each-ref --format=%(refname)%00%(upstream:short)%00%(objectname)%00%(upstream:track)%00%(upstream:remotename)%00%(upstream:remoteref) refs/heads/main refs/remotes/main [2ms]
2026-04-17 21:14:35.698 [info] > git for-each-ref --sort -committerdate --format %(refname)%00%(objectname)%00%(*objectname) [4ms]
2026-04-17 21:14:35.811 [info] > git status -z -uall [129ms]
2026-04-17 21:14:39.174 [info] > git check-ignore -v -z --stdin [3ms]
2026-04-17 21:14:42.249 [info] > git config --get commit.template [10ms]
2026-04-17 21:14:42.250 [info] > git for-each-ref --format=%(refname)%00%(upstream:short)%00%(objectname)%00%(upstream:track)%00%(upstream:remotename)%00%(upstream:remoteref) refs/heads/main refs/remotes/main [2ms]
2026-04-17 21:14:42.275 [info] > git for-each-ref --sort -committerdate --format %(refname)%00%(objectname)%00%(*objectname) [4ms]
2026-04-17 21:14:42.393 [info] > git status -z -uall [134ms]
2026-04-17 21:14:45.236 [info] > git check-ignore -v -z --stdin [3ms]
2026-04-17 21:14:47.441 [info] > git config --get commit.template [12ms]
2026-04-17 21:14:47.443 [info] > git for-each-ref --format=%(refname)%00%(upstream:short)%00%(objectname)%00%(upstream:track)%00%(upstream:remotename)%00%(upstream:remoteref) refs/heads/main refs/remotes/main [3ms]
2026-04-17 21:14:47.468 [info] > git for-each-ref --sort -committerdate --format %(refname)%00%(objectname)%00%(*objectname) [4ms]
2026-04-17 21:14:47.579 [info] > git status -z -uall [128ms]
2026-04-17 21:14:49.411 [info] > git check-ignore -v -z --stdin [3ms]
2026-04-17 21:14:56.641 [info] > git config --get commit.template [11ms]
2026-04-17 21:14:56.642 [info] > git for-each-ref --format=%(refname)%00%(upstream:short)%00%(objectname)%00%(upstream:track)%00%(upstream:remotename)%00%(upstream:remoteref) refs/heads/main refs/remotes/main [2ms]
2026-04-17 21:14:56.669 [info] > git for-each-ref --sort -committerdate --format %(refname)%00%(objectname)%00%(*objectname) [5ms]
2026-04-17 21:14:56.781 [info] > git status -z -uall [130ms]
2026-04-17 21:14:58.629 [info] > git check-ignore -v -z --stdin [4ms]
2026-04-17 21:15:08.586 [info] > git config --get commit.template [10ms]
2026-04-17 21:15:08.587 [info] > git for-each-ref --format=%(refname)%00%(upstream:short)%00%(objectname)%00%(upstream:track)%00%(upstream:remotename)%00%(upstream:remoteref) refs/heads/main refs/remotes/main [2ms]
2026-04-17 21:15:08.611 [info] > git for-each-ref --sort -committerdate --format %(refname)%00%(objectname)%00%(*objectname) [4ms]
2026-04-17 21:15:08.724 [info] > git status -z -uall [129ms]
2026-04-17 21:15:14.173 [info] > git check-ignore -v -z --stdin [5ms]
2026-04-17 21:15:27.483 [info] > git config --get commit.template [10ms]
2026-04-17 21:15:27.485 [info] > git for-each-ref --format=%(refname)%00%(upstream:short)%00%(objectname)%00%(upstream:track)%00%(upstream:remotename)%00%(upstream:remoteref) refs/heads/main refs/remotes/main [3ms]
2026-04-17 21:15:27.509 [info] > git for-each-ref --sort -committerdate --format %(refname)%00%(objectname)%00%(*objectname) [4ms]
2026-04-17 21:15:27.625 [info] > git status -z -uall [132ms]
2026-04-17 21:15:32.417 [info] > git check-ignore -v -z --stdin [3ms]
2026-04-17 21:15:32.676 [info] > git for-each-ref --format=%(refname)%00%(upstream:short)%00%(objectname)%00%(upstream:track)%00%(upstream:remotename)%00%(upstream:remoteref) refs/heads/main refs/remotes/main [3ms]
2026-04-17 21:15:32.677 [info] > git config --get commit.template [13ms]
2026-04-17 21:15:32.702 [info] > git for-each-ref --sort -committerdate --format %(refname)%00%(objectname)%00%(*objectname) [3ms]
2026-04-17 21:15:32.817 [info] > git status -z -uall [131ms]
2026-04-17 21:15:36.170 [info] > git check-ignore -v -z --stdin [3ms]
2026-04-17 21:15:37.855 [info] > git config --get commit.template [5ms]
2026-04-17 21:15:37.865 [info] > git for-each-ref --format=%(refname)%00%(upstream:short)%00%(objectname)%00%(upstream:track)%00%(upstream:remotename)%00%(upstream:remoteref) refs/heads/main refs/remotes/main [2ms]
2026-04-17 21:15:37.889 [info] > git for-each-ref --sort -committerdate --format %(refname)%00%(objectname)%00%(*objectname) [4ms]
2026-04-17 21:15:38.003 [info] > git status -z -uall [130ms]
2026-04-17 21:15:40.418 [info] > git check-ignore -v -z --stdin [5ms]
2026-04-17 21:15:42.812 [info] > git check-ignore -v -z --stdin [6ms]
2026-04-17 21:15:43.035 [info] > git config --get commit.template [3ms]
2026-04-17 21:15:43.051 [info] > git for-each-ref --format=%(refname)%00%(upstream:short)%00%(objectname)%00%(upstream:track)%00%(upstream:remotename)%00%(upstream:remoteref) refs/heads/main refs/remotes/main [5ms]
2026-04-17 21:15:43.090 [info] > git for-each-ref --sort -committerdate --format %(refname)%00%(objectname)%00%(*objectname) [8ms]
2026-04-17 21:15:43.402 [info] > git status -z -uall [337ms]
2026-04-17 21:15:44.401 [info] > git check-ignore -v -z --stdin [8ms]
2026-04-17 21:15:45.866 [info] > git check-ignore -v -z --stdin [3ms]
2026-04-17 21:15:48.460 [info] > git config --get commit.template [10ms]
2026-04-17 21:15:48.461 [info] > git for-each-ref --format=%(refname)%00%(upstream:short)%00%(objectname)%00%(upstream:track)%00%(upstream:remotename)%00%(upstream:remoteref) refs/heads/main refs/remotes/main [3ms]
2026-04-17 21:15:48.489 [info] > git for-each-ref --sort -committerdate --format %(refname)%00%(objectname)%00%(*objectname) [6ms]
2026-04-17 21:15:48.616 [info] > git status -z -uall [146ms]
2026-04-17 21:15:50.559 [info] > git check-ignore -v -z --stdin [3ms]
2026-04-17 21:15:59.689 [info] > git config --get commit.template [11ms]
2026-04-17 21:15:59.690 [info] > git for-each-ref --format=%(refname)%00%(upstream:short)%00%(objectname)%00%(upstream:track)%00%(upstream:remotename)%00%(upstream:remoteref) refs/heads/main refs/remotes/main [3ms]
2026-04-17 21:15:59.715 [info] > git for-each-ref --sort -committerdate --format %(refname)%00%(objectname)%00%(*objectname) [4ms]
2026-04-17 21:15:59.832 [info] > git status -z -uall [133ms]
2026-04-17 21:16:03.319 [info] > git check-ignore -v -z --stdin [3ms]
2026-04-17 21:16:04.882 [info] > git config --get commit.template [11ms]
2026-04-17 21:16:04.883 [info] > git for-each-ref --format=%(refname)%00%(upstream:short)%00%(objectname)%00%(upstream:track)%00%(upstream:remotename)%00%(upstream:remoteref) refs/heads/main refs/remotes/main [3ms]
2026-04-17 21:16:04.911 [info] > git for-each-ref --sort -committerdate --format %(refname)%00%(objectname)%00%(*objectname) [6ms]
2026-04-17 21:16:05.023 [info] > git status -z -uall [130ms]
2026-04-17 21:16:07.209 [info] > git check-ignore -v -z --stdin [3ms]
2026-04-17 21:16:10.625 [info] > git config --get commit.template [10ms]
2026-04-17 21:16:10.626 [info] > git for-each-ref --format=%(refname)%00%(upstream:short)%00%(objectname)%00%(upstream:track)%00%(upstream:remotename)%00%(upstream:remoteref) refs/heads/main refs/remotes/main [2ms]
2026-04-17 21:16:10.650 [info] > git for-each-ref --sort -committerdate --format %(refname)%00%(objectname)%00%(*objectname) [4ms]
2026-04-17 21:16:10.766 [info] > git status -z -uall [132ms]
2026-04-17 21:16:13.194 [info] > git check-ignore -v -z --stdin [3ms]
2026-04-17 21:16:16.360 [info] > git config --get commit.template [11ms]
2026-04-17 21:16:16.361 [info] > git for-each-ref --format=%(refname)%00%(upstream:short)%00%(objectname)%00%(upstream:track)%00%(upstream:remotename)%00%(upstream:remoteref) refs/heads/main refs/remotes/main [2ms]
2026-04-17 21:16:16.388 [info] > git for-each-ref --sort -committerdate --format %(refname)%00%(objectname)%00%(*objectname) [4ms]
2026-04-17 21:16:16.540 [info] > git status -z -uall [171ms]
2026-04-17 21:16:19.046 [info] > git check-ignore -v -z --stdin [3ms]
2026-04-17 21:16:21.580 [info] > git config --get commit.template [11ms]
2026-04-17 21:16:21.581 [info] > git for-each-ref --format=%(refname)%00%(upstream:short)%00%(objectname)%00%(upstream:track)%00%(upstream:remotename)%00%(upstream:remoteref) refs/heads/main refs/remotes/main [2ms]
2026-04-17 21:16:21.607 [info] > git for-each-ref --sort -committerdate --format %(refname)%00%(objectname)%00%(*objectname) [2ms]
2026-04-17 21:16:21.720 [info] > git status -z -uall [129ms]
2026-04-17 21:16:23.577 [info] > git check-ignore -v -z --stdin [3ms]
2026-04-17 21:16:26.768 [info] > git config --get commit.template [13ms]
2026-04-17 21:16:26.769 [info] > git for-each-ref --format=%(refname)%00%(upstream:short)%00%(objectname)%00%(upstream:track)%00%(upstream:remotename)%00%(upstream:remoteref) refs/heads/main refs/remotes/main [3ms]
2026-04-17 21:16:26.796 [info] > git for-each-ref --sort -committerdate --format %(refname)%00%(objectname)%00%(*objectname) [4ms]
2026-04-17 21:16:26.932 [info] > git status -z -uall [154ms]
2026-04-17 21:16:29.380 [info] > git check-ignore -v -z --stdin [6ms]
2026-04-17 21:16:31.977 [info] > git config --get commit.template [11ms]
2026-04-17 21:16:31.979 [info] > git for-each-ref --format=%(refname)%00%(upstream:short)%00%(objectname)%00%(upstream:track)%00%(upstream:remotename)%00%(upstream:remoteref) refs/heads/main refs/remotes/main [3ms]
2026-04-17 21:16:32.003 [info] > git for-each-ref --sort -committerdate --format %(refname)%00%(objectname)%00%(*objectname) [4ms]
2026-04-17 21:16:32.127 [info] > git status -z -uall [140ms]
2026-04-17 21:16:34.550 [info] > git check-ignore -v -z --stdin [3ms]
2026-04-17 21:16:37.168 [info] > git config --get commit.template [10ms]
2026-04-17 21:16:37.170 [info] > git for-each-ref --format=%(refname)%00%(upstream:short)%00%(objectname)%00%(upstream:track)%00%(upstream:remotename)%00%(upstream:remoteref) refs/heads/main refs/remotes/main [4ms]
2026-04-17 21:16:37.194 [info] > git for-each-ref --sort -committerdate --format %(refname)%00%(objectname)%00%(*objectname) [4ms]
2026-04-17 21:16:37.307 [info] > git status -z -uall [129ms]
2026-04-17 21:16:39.725 [info] > git check-ignore -v -z --stdin [3ms]
2026-04-17 21:16:42.354 [info] > git config --get commit.template [10ms]
2026-04-17 21:16:42.356 [info] > git for-each-ref --format=%(refname)%00%(upstream:short)%00%(objectname)%00%(upstream:track)%00%(upstream:remotename)%00%(upstream:remoteref) refs/heads/main refs/remotes/main [3ms]
2026-04-17 21:16:42.381 [info] > git for-each-ref --sort -committerdate --format %(refname)%00%(objectname)%00%(*objectname) [5ms]
2026-04-17 21:16:42.498 [info] > git status -z -uall [133ms]
2026-04-17 21:16:45.163 [info] > git check-ignore -v -z --stdin [3ms]
2026-04-17 21:16:51.250 [info] > git config --get commit.template [11ms]
2026-04-17 21:16:51.251 [info] > git for-each-ref --format=%(refname)%00%(upstream:short)%00%(objectname)%00%(upstream:track)%00%(upstream:remotename)%00%(upstream:remoteref) refs/heads/main refs/remotes/main [2ms]
2026-04-17 21:16:51.276 [info] > git for-each-ref --sort -committerdate --format %(refname)%00%(objectname)%00%(*objectname) [4ms]
2026-04-17 21:16:51.392 [info] > git status -z -uall [132ms]
2026-04-17 21:16:54.466 [info] > git check-ignore -v -z --stdin [5ms]
2026-04-17 21:16:56.436 [info] > git config --get commit.template [10ms]
2026-04-17 21:16:56.438 [info] > git for-each-ref --format=%(refname)%00%(upstream:short)%00%(objectname)%00%(upstream:track)%00%(upstream:remotename)%00%(upstream:remoteref) refs/heads/main refs/remotes/main [3ms]
2026-04-17 21:16:56.577 [info] > git for-each-ref --sort -committerdate --format %(refname)%00%(objectname)%00%(*objectname) [99ms]
2026-04-17 21:16:56.680 [info] > git status -z -uall [222ms]
2026-04-17 21:16:58.878 [info] > git check-ignore -v -z --stdin [3ms]
2026-04-17 21:17:01.723 [info] > git config --get commit.template [11ms]
2026-04-17 21:17:01.723 [info] > git for-each-ref --format=%(refname)%00%(upstream:short)%00%(objectname)%00%(upstream:track)%00%(upstream:remotename)%00%(upstream:remoteref) refs/heads/main refs/remotes/main [3ms]
2026-04-17 21:17:01.758 [info] > git for-each-ref --sort -committerdate --format %(refname)%00%(objectname)%00%(*objectname) [5ms]
2026-04-17 21:17:01.869 [info] > git status -z -uall [134ms]
2026-04-17 21:17:03.703 [info] > git check-ignore -v -z --stdin [5ms]
2026-04-17 21:17:06.918 [info] > git config --get commit.template [14ms]
2026-04-17 21:17:06.922 [info] > git for-each-ref --format=%(refname)%00%(upstream:short)%00%(objectname)%00%(upstream:track)%00%(upstream:remotename)%00%(upstream:remoteref) refs/heads/main refs/remotes/main [5ms]
2026-04-17 21:17:06.956 [info] > git for-each-ref --sort -committerdate --format %(refname)%00%(objectname)%00%(*objectname) [3ms]
2026-04-17 21:17:07.165 [info] > git status -z -uall [228ms]
2026-04-17 21:17:09.127 [info] > git check-ignore -v -z --stdin [3ms]
2026-04-17 21:17:12.215 [info] > git config --get commit.template [13ms]
2026-04-17 21:17:12.216 [info] > git for-each-ref --format=%(refname)%00%(upstream:short)%00%(objectname)%00%(upstream:track)%00%(upstream:remotename)%00%(upstream:remoteref) refs/heads/main refs/remotes/main [3ms]
2026-04-17 21:17:12.241 [info] > git for-each-ref --sort -committerdate --format %(refname)%00%(objectname)%00%(*objectname) [3ms]
2026-04-17 21:17:12.358 [info] > git status -z -uall [133ms]
2026-04-17 21:17:17.385 [info] > git config --get commit.template [2ms]
2026-04-17 21:17:17.395 [info] > git for-each-ref --format=%(refname)%00%(upstream:short)%00%(objectname)%00%(upstream:track)%00%(upstream:remotename)%00%(upstream:remoteref) refs/heads/main refs/remotes/main [2ms]
2026-04-17 21:17:17.419 [info] > git for-each-ref --sort -committerdate --format %(refname)%00%(objectname)%00%(*objectname) [4ms]
2026-04-17 21:17:17.539 [info] > git status -z -uall [136ms]
2026-04-17 21:17:18.840 [info] > git check-ignore -v -z --stdin [4ms]
2026-04-17 21:17:20.291 [info] > git check-ignore -v -z --stdin [3ms]
2026-04-17 21:21:04.867 [info] > git config --get commit.template [11ms]
2026-04-17 21:21:04.868 [info] > git for-each-ref --format=%(refname)%00%(upstream:short)%00%(objectname)%00%(upstream:track)%00%(upstream:remotename)%00%(upstream:remoteref) refs/heads/main refs/remotes/main [3ms]
2026-04-17 21:21:04.892 [info] > git for-each-ref --sort -committerdate --format %(refname)%00%(objectname)%00%(*objectname) [4ms]
2026-04-17 21:21:05.007 [info] > git status -z -uall [131ms]
2026-04-17 21:21:10.179 [info] > git check-ignore -v -z --stdin [3ms]
2026-04-17 21:21:44.845 [info] > git config --get commit.template [11ms]
2026-04-17 21:21:44.846 [info] > git for-each-ref --format=%(refname)%00%(upstream:short)%00%(objectname)%00%(upstream:track)%00%(upstream:remotename)%00%(upstream:remoteref) refs/heads/main refs/remotes/main [3ms]
2026-04-17 21:21:44.871 [info] > git for-each-ref --sort -committerdate --format %(refname)%00%(objectname)%00%(*objectname) [4ms]
2026-04-17 21:21:44.987 [info] > git status -z -uall [133ms]
2026-04-17 21:21:50.176 [info] > git check-ignore -v -z --stdin [4ms]
2026-04-17 21:22:12.741 [info] > git config --get commit.template [3ms]
2026-04-17 21:22:12.752 [info] > git for-each-ref --format=%(refname)%00%(upstream:short)%00%(objectname)%00%(upstream:track)%00%(upstream:remotename)%00%(upstream:remoteref) refs/heads/main refs/remotes/main [2ms]
2026-04-17 21:22:12.783 [info] > git for-each-ref --sort -committerdate --format %(refname)%00%(objectname)%00%(*objectname) [5ms]
2026-04-17 21:22:12.893 [info] > git status -z -uall [130ms]
2026-04-17 21:22:18.203 [info] > git check-ignore -v -z --stdin [3ms]
2026-04-17 21:22:24.195 [info] > git config --get commit.template [11ms]
2026-04-17 21:22:24.196 [info] > git for-each-ref --format=%(refname)%00%(upstream:short)%00%(objectname)%00%(upstream:track)%00%(upstream:remotename)%00%(upstream:remoteref) refs/heads/main refs/remotes/main [2ms]
2026-04-17 21:22:24.223 [info] > git for-each-ref --sort -committerdate --format %(refname)%00%(objectname)%00%(*objectname) [6ms]
2026-04-17 21:22:24.333 [info] > git status -z -uall [129ms]
2026-04-17 21:22:29.161 [info] > git check-ignore -v -z --stdin [3ms]
2026-04-17 21:22:50.695 [info] > git config --get commit.template [16ms]
2026-04-17 21:22:50.697 [info] > git for-each-ref --format=%(refname)%00%(upstream:short)%00%(objectname)%00%(upstream:track)%00%(upstream:remotename)%00%(upstream:remoteref) refs/heads/main refs/remotes/main [3ms]
2026-04-17 21:22:50.733 [info] > git for-each-ref --sort -committerdate --format %(refname)%00%(objectname)%00%(*objectname) [2ms]
2026-04-17 21:22:50.842 [info] > git status -z -uall [133ms]
2026-04-17 21:22:55.174 [info] > git check-ignore -v -z --stdin [4ms]
2026-04-17 21:27:02.909 [info] > git config --get commit.template [9ms]
2026-04-17 21:27:02.910 [info] > git for-each-ref --format=%(refname)%00%(upstream:short)%00%(objectname)%00%(upstream:track)%00%(upstream:remotename)%00%(upstream:remoteref) refs/heads/main refs/remotes/main [3ms]
2026-04-17 21:27:02.932 [info] > git for-each-ref --sort -committerdate --format %(refname)%00%(objectname)%00%(*objectname) [4ms]
2026-04-17 21:27:03.054 [info] > git status -z -uall [137ms]
2026-04-17 21:27:08.168 [info] > git check-ignore -v -z --stdin [2ms]
2026-04-17 21:28:17.807 [info] > git config --get commit.template [10ms]
2026-04-17 21:28:17.809 [info] > git for-each-ref --format=%(refname)%00%(upstream:short)%00%(objectname)%00%(upstream:track)%00%(upstream:remotename)%00%(upstream:remoteref) refs/heads/main refs/remotes/main [3ms]
2026-04-17 21:28:17.831 [info] > git for-each-ref --sort -committerdate --format %(refname)%00%(objectname)%00%(*objectname) [3ms]
2026-04-17 21:28:17.946 [info] > git status -z -uall [130ms]
2026-04-17 21:28:22.720 [info] > git check-ignore -v -z --stdin [3ms]
2026-04-17 21:28:23.001 [info] > git config --get commit.template [9ms]
2026-04-17 21:28:23.003 [info] > git for-each-ref --format=%(refname)%00%(upstream:short)%00%(objectname)%00%(upstream:track)%00%(upstream:remotename)%00%(upstream:remoteref) refs/heads/main refs/remotes/main [3ms]
2026-04-17 21:28:23.025 [info] > git for-each-ref --sort -committerdate --format %(refname)%00%(objectname)%00%(*objectname) [4ms]
2026-04-17 21:28:23.144 [info] > git status -z -uall [134ms]
2026-04-17 21:28:25.340 [info] > git check-ignore -v -z --stdin [4ms]
2026-04-17 21:28:27.464 [info] > git check-ignore -v -z --stdin [3ms]
2026-04-17 21:28:28.183 [info] > git config --get commit.template [9ms]
2026-04-17 21:28:28.184 [info] > git for-each-ref --format=%(refname)%00%(upstream:short)%00%(objectname)%00%(upstream:track)%00%(upstream:remotename)%00%(upstream:remoteref) refs/heads/main refs/remotes/main [2ms]
2026-04-17 21:28:28.207 [info] > git for-each-ref --sort -committerdate --format %(refname)%00%(objectname)%00%(*objectname) [5ms]
2026-04-17 21:28:28.323 [info] > git status -z -uall [131ms]
2026-04-17 21:28:30.155 [info] > git check-ignore -v -z --stdin [4ms]
2026-04-17 21:28:37.493 [info] > git config --get commit.template [9ms]
2026-04-17 21:28:37.495 [info] > git for-each-ref --format=%(refname)%00%(upstream:short)%00%(objectname)%00%(upstream:track)%00%(upstream:remotename)%00%(upstream:remoteref) refs/heads/main refs/remotes/main [2ms]
2026-04-17 21:28:37.517 [info] > git for-each-ref --sort -committerdate --format %(refname)%00%(objectname)%00%(*objectname) [4ms]
2026-04-17 21:28:37.634 [info] > git status -z -uall [132ms]
2026-04-17 21:28:39.466 [info] > git check-ignore -v -z --stdin [3ms]
2026-04-17 21:28:42.682 [info] > git config --get commit.template [14ms]
2026-04-17 21:28:42.687 [info] > git for-each-ref --format=%(refname)%00%(upstream:short)%00%(objectname)%00%(upstream:track)%00%(upstream:remotename)%00%(upstream:remoteref) refs/heads/main refs/remotes/main [6ms]
2026-04-17 21:28:42.716 [info] > git for-each-ref --sort -committerdate --format %(refname)%00%(objectname)%00%(*objectname) [5ms]
2026-04-17 21:28:42.922 [info] > git status -z -uall [224ms]
2026-04-17 21:28:44.933 [info] > git check-ignore -v -z --stdin [5ms]
2026-04-17 21:28:48.009 [info] > git config --get commit.template [9ms]
2026-04-17 21:28:48.011 [info] > git for-each-ref --format=%(refname)%00%(upstream:short)%00%(objectname)%00%(upstream:track)%00%(upstream:remotename)%00%(upstream:remoteref) refs/heads/main refs/remotes/main [3ms]
2026-04-17 21:28:48.034 [info] > git for-each-ref --sort -committerdate --format %(refname)%00%(objectname)%00%(*objectname) [6ms]
2026-04-17 21:28:48.149 [info] > git status -z -uall [131ms]
2026-04-17 21:28:50.568 [info] > git check-ignore -v -z --stdin [3ms]
2026-04-17 21:28:53.182 [info] > git config --get commit.template [3ms]
2026-04-17 21:28:53.192 [info] > git for-each-ref --format=%(refname)%00%(upstream:short)%00%(objectname)%00%(upstream:track)%00%(upstream:remotename)%00%(upstream:remoteref) refs/heads/main refs/remotes/main [2ms]
2026-04-17 21:28:53.214 [info] > git for-each-ref --sort -committerdate --format %(refname)%00%(objectname)%00%(*objectname) [4ms]
2026-04-17 21:28:53.326 [info] > git status -z -uall [127ms]
2026-04-17 21:28:55.144 [info] > git check-ignore -v -z --stdin [2ms]
2026-04-17 21:28:58.365 [info] > git config --get commit.template [9ms]
2026-04-17 21:28:58.367 [info] > git for-each-ref --format=%(refname)%00%(upstream:short)%00%(objectname)%00%(upstream:track)%00%(upstream:remotename)%00%(upstream:remoteref) refs/heads/main refs/remotes/main [3ms]
2026-04-17 21:28:58.389 [info] > git for-each-ref --sort -committerdate --format %(refname)%00%(objectname)%00%(*objectname) [5ms]
2026-04-17 21:28:58.502 [info] > git status -z -uall [128ms]
2026-04-17 21:29:00.907 [info] > git check-ignore -v -z --stdin [3ms]
2026-04-17 21:29:03.541 [info] > git config --get commit.template [9ms]
2026-04-17 21:29:03.542 [info] > git for-each-ref --format=%(refname)%00%(upstream:short)%00%(objectname)%00%(upstream:track)%00%(upstream:remotename)%00%(upstream:remoteref) refs/heads/main refs/remotes/main [2ms]
2026-04-17 21:29:03.564 [info] > git for-each-ref --sort -committerdate --format %(refname)%00%(objectname)%00%(*objectname) [4ms]
2026-04-17 21:29:03.680 [info] > git status -z -uall [130ms]
2026-04-17 21:29:06.173 [info] > git check-ignore -v -z --stdin [3ms]
2026-04-17 21:30:02.827 [info] > git config --get commit.template [9ms]
2026-04-17 21:30:02.829 [info] > git for-each-ref --format=%(refname)%00%(upstream:short)%00%(objectname)%00%(upstream:track)%00%(upstream:remotename)%00%(upstream:remoteref) refs/heads/main refs/remotes/main [3ms]
2026-04-17 21:30:02.853 [info] > git for-each-ref --sort -committerdate --format %(refname)%00%(objectname)%00%(*objectname) [5ms]
2026-04-17 21:30:02.969 [info] > git status -z -uall [132ms]
2026-04-17 21:30:08.153 [info] > git check-ignore -v -z --stdin [3ms]
2026-04-17 21:30:40.123 [info] > git config --get commit.template [10ms]
2026-04-17 21:30:40.125 [info] > git for-each-ref --format=%(refname)%00%(upstream:short)%00%(objectname)%00%(upstream:track)%00%(upstream:remotename)%00%(upstream:remoteref) refs/heads/main refs/remotes/main [3ms]
2026-04-17 21:30:40.147 [info] > git for-each-ref --sort -committerdate --format %(refname)%00%(objectname)%00%(*objectname) [4ms]
2026-04-17 21:30:40.261 [info] > git status -z -uall [129ms]
2026-04-17 21:30:45.041 [info] > git check-ignore -v -z --stdin [4ms]
2026-04-17 21:30:45.306 [info] > git config --get commit.template [9ms]
2026-04-17 21:30:45.308 [info] > git for-each-ref --format=%(refname)%00%(upstream:short)%00%(objectname)%00%(upstream:track)%00%(upstream:remotename)%00%(upstream:remoteref) refs/heads/main refs/remotes/main [3ms]
2026-04-17 21:30:45.329 [info] > git for-each-ref --sort -committerdate --format %(refname)%00%(objectname)%00%(*objectname) [4ms]
2026-04-17 21:30:45.443 [info] > git status -z -uall [127ms]
2026-04-17 21:30:47.863 [info] > git check-ignore -v -z --stdin [3ms]
2026-04-17 21:30:50.475 [info] > git config --get commit.template [2ms]
2026-04-17 21:30:50.484 [info] > git for-each-ref --format=%(refname)%00%(upstream:short)%00%(objectname)%00%(upstream:track)%00%(upstream:remotename)%00%(upstream:remoteref) refs/heads/main refs/remotes/main [2ms]
2026-04-17 21:30:50.517 [info] > git for-each-ref --sort -committerdate --format %(refname)%00%(objectname)%00%(*objectname) [4ms]
2026-04-17 21:30:50.628 [info] > git status -z -uall [135ms]
2026-04-17 21:30:52.453 [info] > git check-ignore -v -z --stdin [4ms]
2026-04-17 21:30:55.656 [info] > git config --get commit.template [2ms]
2026-04-17 21:30:55.668 [info] > git for-each-ref --format=%(refname)%00%(upstream:short)%00%(objectname)%00%(upstream:track)%00%(upstream:remotename)%00%(upstream:remoteref) refs/heads/main refs/remotes/main [3ms]
2026-04-17 21:30:55.692 [info] > git for-each-ref --sort -committerdate --format %(refname)%00%(objectname)%00%(*objectname) [4ms]
2026-04-17 21:30:55.808 [info] > git status -z -uall [133ms]
2026-04-17 21:30:58.768 [info] > git check-ignore -v -z --stdin [3ms]
2026-04-17 21:31:00.895 [info] > git config --get commit.template [10ms]
2026-04-17 21:31:00.897 [info] > git for-each-ref --format=%(refname)%00%(upstream:short)%00%(objectname)%00%(upstream:track)%00%(upstream:remotename)%00%(upstream:remoteref) refs/heads/main refs/remotes/main [2ms]
2026-04-17 21:31:00.920 [info] > git for-each-ref --sort -committerdate --format %(refname)%00%(objectname)%00%(*objectname) [5ms]
2026-04-17 21:31:01.040 [info] > git status -z -uall [135ms]
2026-04-17 21:31:02.865 [info] > git check-ignore -v -z --stdin [3ms]
2026-04-17 21:31:06.074 [info] > git config --get commit.template [8ms]
2026-04-17 21:31:06.075 [info] > git for-each-ref --format=%(refname)%00%(upstream:short)%00%(objectname)%00%(upstream:track)%00%(upstream:remotename)%00%(upstream:remoteref) refs/heads/main refs/remotes/main [2ms]
2026-04-17 21:31:06.098 [info] > git for-each-ref --sort -committerdate --format %(refname)%00%(objectname)%00%(*objectname) [4ms]
2026-04-17 21:31:06.215 [info] > git status -z -uall [133ms]
2026-04-17 21:31:08.651 [info] > git check-ignore -v -z --stdin [4ms]
2026-04-17 21:31:11.249 [info] > git config --get commit.template [9ms]
2026-04-17 21:31:11.251 [info] > git for-each-ref --format=%(refname)%00%(upstream:short)%00%(objectname)%00%(upstream:track)%00%(upstream:remotename)%00%(upstream:remoteref) refs/heads/main refs/remotes/main [3ms]
2026-04-17 21:31:11.282 [info] > git for-each-ref --sort -committerdate --format %(refname)%00%(objectname)%00%(*objectname) [8ms]
2026-04-17 21:31:11.390 [info] > git status -z -uall [132ms]
2026-04-17 21:31:13.823 [info] > git check-ignore -v -z --stdin [3ms]
2026-04-17 21:31:16.417 [info] > git config --get commit.template [2ms]
2026-04-17 21:31:16.427 [info] > git for-each-ref --format=%(refname)%00%(upstream:short)%00%(objectname)%00%(upstream:track)%00%(upstream:remotename)%00%(upstream:remoteref) refs/heads/main refs/remotes/main [3ms]
2026-04-17 21:31:16.472 [info] > git for-each-ref --sort -committerdate --format %(refname)%00%(objectname)%00%(*objectname) [9ms]
2026-04-17 21:31:16.617 [info] > git status -z -uall [183ms]
2026-04-17 21:31:18.458 [info] > git check-ignore -v -z --stdin [3ms]
2026-04-17 21:31:21.652 [info] > git config --get commit.template [10ms]
2026-04-17 21:31:21.654 [info] > git for-each-ref --format=%(refname)%00%(upstream:short)%00%(objectname)%00%(upstream:track)%00%(upstream:remotename)%00%(upstream:remoteref) refs/heads/main refs/remotes/main [3ms]
2026-04-17 21:31:21.676 [info] > git for-each-ref --sort -committerdate --format %(refname)%00%(objectname)%00%(*objectname) [4ms]
2026-04-17 21:31:21.795 [info] > git status -z -uall [134ms]
2026-04-17 21:31:24.229 [info] > git check-ignore -v -z --stdin [3ms]
2026-04-17 21:31:26.831 [info] > git config --get commit.template [9ms]
2026-04-17 21:31:26.833 [info] > git for-each-ref --format=%(refname)%00%(upstream:short)%00%(objectname)%00%(upstream:track)%00%(upstream:remotename)%00%(upstream:remoteref) refs/heads/main refs/remotes/main [3ms]
2026-04-17 21:31:26.855 [info] > git for-each-ref --sort -committerdate --format %(refname)%00%(objectname)%00%(*objectname) [4ms]
2026-04-17 21:31:26.968 [info] > git status -z -uall [128ms]
2026-04-17 21:31:29.413 [info] > git check-ignore -v -z --stdin [5ms]
2026-04-17 21:31:31.999 [info] > git config --get commit.template [2ms]
2026-04-17 21:31:32.008 [info] > git for-each-ref --format=%(refname)%00%(upstream:short)%00%(objectname)%00%(upstream:track)%00%(upstream:remotename)%00%(upstream:remoteref) refs/heads/main refs/remotes/main [2ms]
2026-04-17 21:31:32.030 [info] > git for-each-ref --sort -committerdate --format %(refname)%00%(objectname)%00%(*objectname) [4ms]
2026-04-17 21:31:32.145 [info] > git status -z -uall [130ms]
2026-04-17 21:31:33.961 [info] > git check-ignore -v -z --stdin [3ms]
2026-04-17 21:34:32.304 [info] > git config --get commit.template [5ms]
2026-04-17 21:34:32.314 [info] > git for-each-ref --format=%(refname)%00%(upstream:short)%00%(objectname)%00%(upstream:track)%00%(upstream:remotename)%00%(upstream:remoteref) refs/heads/main refs/remotes/main [3ms]
2026-04-17 21:34:32.337 [info] > git for-each-ref --sort -committerdate --format %(refname)%00%(objectname)%00%(*objectname) [4ms]
2026-04-17 21:34:32.451 [info] > git status -z -uall [129ms]
2026-04-17 21:34:37.189 [info] > git check-ignore -v -z --stdin [3ms]
2026-04-17 21:34:52.323 [info] > git config --get commit.template [10ms]
2026-04-17 21:34:52.324 [info] > git for-each-ref --format=%(refname)%00%(upstream:short)%00%(objectname)%00%(upstream:track)%00%(upstream:remotename)%00%(upstream:remoteref) refs/heads/main refs/remotes/main [2ms]
2026-04-17 21:34:52.346 [info] > git for-each-ref --sort -committerdate --format %(refname)%00%(objectname)%00%(*objectname) [4ms]
2026-04-17 21:34:52.462 [info] > git status -z -uall [130ms]
2026-04-17 21:34:58.141 [info] > git check-ignore -v -z --stdin [3ms]
2026-04-17 21:35:04.991 [info] > git config --get commit.template [11ms]
2026-04-17 21:35:04.992 [info] > git for-each-ref --format=%(refname)%00%(upstream:short)%00%(objectname)%00%(upstream:track)%00%(upstream:remotename)%00%(upstream:remoteref) refs/heads/main refs/remotes/main [3ms]
2026-04-17 21:35:05.015 [info] > git for-each-ref --sort -committerdate --format %(refname)%00%(objectname)%00%(*objectname) [4ms]
2026-04-17 21:35:05.127 [info] > git status -z -uall [127ms]
2026-04-17 21:35:09.136 [info] > git check-ignore -v -z --stdin [3ms]
2026-04-17 21:35:11.766 [info] > git config --get commit.template [3ms]
2026-04-17 21:35:11.778 [info] > git for-each-ref --format=%(refname)%00%(upstream:short)%00%(objectname)%00%(upstream:track)%00%(upstream:remotename)%00%(upstream:remoteref) refs/heads/main refs/remotes/main [3ms]
2026-04-17 21:35:11.810 [info] > git for-each-ref --sort -committerdate --format %(refname)%00%(objectname)%00%(*objectname) [6ms]
2026-04-17 21:35:11.927 [info] > git status -z -uall [141ms]
2026-04-17 21:35:14.746 [info] > git check-ignore -v -z --stdin [3ms]
2026-04-17 21:38:07.756 [info] > git config --get commit.template [11ms]
2026-04-17 21:38:07.757 [info] > git for-each-ref --format=%(refname)%00%(upstream:short)%00%(objectname)%00%(upstream:track)%00%(upstream:remotename)%00%(upstream:remoteref) refs/heads/main refs/remotes/main [4ms]
2026-04-17 21:38:07.782 [info] > git for-each-ref --sort -committerdate --format %(refname)%00%(objectname)%00%(*objectname) [5ms]
2026-04-17 21:38:07.899 [info] > git status -z -uall [135ms]
2026-04-17 21:38:12.689 [info] > git check-ignore -v -z --stdin [3ms]
2026-04-17 21:38:12.943 [info] > git config --get commit.template [9ms]
2026-04-17 21:38:12.944 [info] > git for-each-ref --format=%(refname)%00%(upstream:short)%00%(objectname)%00%(upstream:track)%00%(upstream:remotename)%00%(upstream:remoteref) refs/heads/main refs/remotes/main [2ms]
2026-04-17 21:38:12.968 [info] > git for-each-ref --sort -committerdate --format %(refname)%00%(objectname)%00%(*objectname) [5ms]
2026-04-17 21:38:13.087 [info] > git status -z -uall [136ms]
2026-04-17 21:38:16.152 [info] > git check-ignore -v -z --stdin [4ms]
2026-04-17 21:39:46.493 [info] > git config --get commit.template [16ms]
2026-04-17 21:39:46.496 [info] > git for-each-ref --format=%(refname)%00%(upstream:short)%00%(objectname)%00%(upstream:track)%00%(upstream:remotename)%00%(upstream:remoteref) refs/heads/main refs/remotes/main [5ms]
2026-04-17 21:39:46.534 [info] > git for-each-ref --sort -committerdate --format %(refname)%00%(objectname)%00%(*objectname) [9ms]
2026-04-17 21:39:46.666 [info] > git status -z -uall [158ms]
2026-04-17 21:39:52.150 [info] > git check-ignore -v -z --stdin [4ms]
2026-04-17 21:47:16.907 [info] > git config --get commit.template [9ms]
2026-04-17 21:47:16.909 [info] > git for-each-ref --format=%(refname)%00%(upstream:short)%00%(objectname)%00%(upstream:track)%00%(upstream:remotename)%00%(upstream:remoteref) refs/heads/main refs/remotes/main [3ms]
2026-04-17 21:47:16.931 [info] > git for-each-ref --sort -committerdate --format %(refname)%00%(objectname)%00%(*objectname) [4ms]
2026-04-17 21:47:17.045 [info] > git status -z -uall [129ms]
2026-04-17 21:47:22.137 [info] > git check-ignore -v -z --stdin [3ms]
2026-04-17 21:55:32.010 [info] > git config --get commit.template [11ms]
2026-04-17 21:55:32.010 [info] > git for-each-ref --format=%(refname)%00%(upstream:short)%00%(objectname)%00%(upstream:track)%00%(upstream:remotename)%00%(upstream:remoteref) refs/heads/main refs/remotes/main [3ms]
2026-04-17 21:55:32.032 [info] > git for-each-ref --sort -committerdate --format %(refname)%00%(objectname)%00%(*objectname) [4ms]
2026-04-17 21:55:32.148 [info] > git status -z -uall [130ms]
2026-04-17 21:55:36.924 [info] > git check-ignore -v -z --stdin [3ms]
2026-04-17 21:55:37.197 [info] > git config --get commit.template [10ms]
2026-04-17 21:55:37.198 [info] > git for-each-ref --format=%(refname)%00%(upstream:short)%00%(objectname)%00%(upstream:track)%00%(upstream:remotename)%00%(upstream:remoteref) refs/heads/main refs/remotes/main [2ms]
2026-04-17 21:55:37.220 [info] > git for-each-ref --sort -committerdate --format %(refname)%00%(objectname)%00%(*objectname) [4ms]
2026-04-17 21:55:37.339 [info] > git status -z -uall [134ms]
2026-04-17 21:55:40.806 [info] > git check-ignore -v -z --stdin [15ms]
2026-04-17 21:55:42.377 [info] > git config --get commit.template [9ms]
2026-04-17 21:55:42.378 [info] > git for-each-ref --format=%(refname)%00%(upstream:short)%00%(objectname)%00%(upstream:track)%00%(upstream:remotename)%00%(upstream:remoteref) refs/heads/main refs/remotes/main [3ms]
2026-04-17 21:55:42.401 [info] > git for-each-ref --sort -committerdate --format %(refname)%00%(objectname)%00%(*objectname) [1ms]
2026-04-17 21:55:42.516 [info] > git status -z -uall [130ms]
2026-04-17 21:55:44.357 [info] > git check-ignore -v -z --stdin [3ms]
2026-04-17 21:55:47.557 [info] > git config --get commit.template [2ms]
2026-04-17 21:55:47.566 [info] > git for-each-ref --format=%(refname)%00%(upstream:short)%00%(objectname)%00%(upstream:track)%00%(upstream:remotename)%00%(upstream:remoteref) refs/heads/main refs/remotes/main [2ms]
2026-04-17 21:55:47.599 [info] > git for-each-ref --sort -committerdate --format %(refname)%00%(objectname)%00%(*objectname) [7ms]
2026-04-17 21:55:47.711 [info] > git status -z -uall [136ms]
2026-04-17 21:55:50.118 [info] > git check-ignore -v -z --stdin [5ms]
2026-04-17 21:55:52.749 [info] > git config --get commit.template [8ms]
2026-04-17 21:55:52.750 [info] > git for-each-ref --format=%(refname)%00%(upstream:short)%00%(objectname)%00%(upstream:track)%00%(upstream:remotename)%00%(upstream:remoteref) refs/heads/main refs/remotes/main [2ms]
2026-04-17 21:55:52.774 [info] > git for-each-ref --sort -committerdate --format %(refname)%00%(objectname)%00%(*objectname) [5ms]
2026-04-17 21:55:52.892 [info] > git status -z -uall [133ms]
2026-04-17 21:55:55.294 [info] > git check-ignore -v -z --stdin [3ms]
2026-04-17 21:56:04.359 [info] > git config --get commit.template [9ms]
2026-04-17 21:56:04.361 [info] > git for-each-ref --format=%(refname)%00%(upstream:short)%00%(objectname)%00%(upstream:track)%00%(upstream:remotename)%00%(upstream:remoteref) refs/heads/main refs/remotes/main [3ms]
2026-04-17 21:56:04.382 [info] > git for-each-ref --sort -committerdate --format %(refname)%00%(objectname)%00%(*objectname) [3ms]
2026-04-17 21:56:04.505 [info] > git status -z -uall [137ms]
2026-04-17 21:56:09.133 [info] > git check-ignore -v -z --stdin [5ms]
2026-04-17 21:56:09.544 [info] > git config --get commit.template [10ms]
2026-04-17 21:56:09.545 [info] > git for-each-ref --format=%(refname)%00%(upstream:short)%00%(objectname)%00%(upstream:track)%00%(upstream:remotename)%00%(upstream:remoteref) refs/heads/main refs/remotes/main [2ms]
2026-04-17 21:56:09.573 [info] > git for-each-ref --sort -committerdate --format %(refname)%00%(objectname)%00%(*objectname) [4ms]
2026-04-17 21:56:09.687 [info] > git status -z -uall [129ms]
2026-04-17 21:56:12.119 [info] > git check-ignore -v -z --stdin [3ms]
2026-04-17 21:56:16.710 [info] > git config --get commit.template [9ms]
2026-04-17 21:56:16.711 [info] > git for-each-ref --format=%(refname)%00%(upstream:short)%00%(objectname)%00%(upstream:track)%00%(upstream:remotename)%00%(upstream:remoteref) refs/heads/main refs/remotes/main [2ms]
2026-04-17 21:56:16.739 [info] > git for-each-ref --sort -committerdate --format %(refname)%00%(objectname)%00%(*objectname) [9ms]
2026-04-17 21:56:16.848 [info] > git status -z -uall [129ms]
2026-04-17 21:56:19.301 [info] > git check-ignore -v -z --stdin [3ms]
2026-04-17 21:56:26.478 [info] > git config --get commit.template [21ms]
2026-04-17 21:56:26.480 [info] > git for-each-ref --format=%(refname)%00%(upstream:short)%00%(objectname)%00%(upstream:track)%00%(upstream:remotename)%00%(upstream:remoteref) refs/heads/main refs/remotes/main [6ms]
2026-04-17 21:56:26.515 [info] > git for-each-ref --sort -committerdate --format %(refname)%00%(objectname)%00%(*objectname) [6ms]
2026-04-17 21:56:26.646 [info] > git status -z -uall [155ms]
2026-04-17 21:56:29.711 [info] > git check-ignore -v -z --stdin [3ms]
2026-04-17 21:56:31.686 [info] > git config --get commit.template [2ms]
2026-04-17 21:56:31.695 [info] > git for-each-ref --format=%(refname)%00%(upstream:short)%00%(objectname)%00%(upstream:track)%00%(upstream:remotename)%00%(upstream:remoteref) refs/heads/main refs/remotes/main [2ms]
2026-04-17 21:56:31.719 [info] > git for-each-ref --sort -committerdate --format %(refname)%00%(objectname)%00%(*objectname) [4ms]
2026-04-17 21:56:31.837 [info] > git status -z -uall [134ms]
2026-04-17 21:56:34.011 [info] > git check-ignore -v -z --stdin [3ms]
2026-04-17 21:56:41.971 [info] > git config --get commit.template [9ms]
2026-04-17 21:56:41.973 [info] > git for-each-ref --format=%(refname)%00%(upstream:short)%00%(objectname)%00%(upstream:track)%00%(upstream:remotename)%00%(upstream:remoteref) refs/heads/main refs/remotes/main [3ms]
2026-04-17 21:56:41.994 [info] > git for-each-ref --sort -committerdate --format %(refname)%00%(objectname)%00%(*objectname) [4ms]
2026-04-17 21:56:42.110 [info] > git status -z -uall [130ms]
2026-04-17 21:56:44.948 [info] > git check-ignore -v -z --stdin [4ms]
2026-04-17 21:56:47.542 [info] > git config --get commit.template [9ms]
2026-04-17 21:56:47.544 [info] > git for-each-ref --format=%(refname)%00%(upstream:short)%00%(objectname)%00%(upstream:track)%00%(upstream:remotename)%00%(upstream:remoteref) refs/heads/main refs/remotes/main [3ms]
2026-04-17 21:56:47.565 [info] > git for-each-ref --sort -committerdate --format %(refname)%00%(objectname)%00%(*objectname) [4ms]
2026-04-17 21:56:47.677 [info] > git status -z -uall [126ms]
2026-04-17 21:56:50.094 [info] > git check-ignore -v -z --stdin [3ms]
2026-04-17 21:56:52.713 [info] > git config --get commit.template [4ms]
2026-04-17 21:56:52.725 [info] > git for-each-ref --format=%(refname)%00%(upstream:short)%00%(objectname)%00%(upstream:track)%00%(upstream:remotename)%00%(upstream:remoteref) refs/heads/main refs/remotes/main [2ms]
2026-04-17 21:56:52.748 [info] > git for-each-ref --sort -committerdate --format %(refname)%00%(objectname)%00%(*objectname) [5ms]
2026-04-17 21:56:52.862 [info] > git status -z -uall [129ms]
2026-04-17 21:56:55.263 [info] > git check-ignore -v -z --stdin [3ms]
2026-04-17 21:57:01.606 [info] > git config --get commit.template [10ms]
2026-04-17 21:57:01.606 [info] > git for-each-ref --format=%(refname)%00%(upstream:short)%00%(objectname)%00%(upstream:track)%00%(upstream:remotename)%00%(upstream:remoteref) refs/heads/main refs/remotes/main [2ms]
2026-04-17 21:57:01.628 [info] > git for-each-ref --sort -committerdate --format %(refname)%00%(objectname)%00%(*objectname) [4ms]
2026-04-17 21:57:01.741 [info] > git status -z -uall [127ms]
2026-04-17 21:57:04.162 [info] > git check-ignore -v -z --stdin [4ms]
2026-04-17 21:59:10.509 [info] > git config --get commit.template [11ms]
2026-04-17 21:59:10.510 [info] > git for-each-ref --format=%(refname)%00%(upstream:short)%00%(objectname)%00%(upstream:track)%00%(upstream:remotename)%00%(upstream:remoteref) refs/heads/main refs/remotes/main [2ms]
2026-04-17 21:59:10.533 [info] > git for-each-ref --sort -committerdate --format %(refname)%00%(objectname)%00%(*objectname) [4ms]
2026-04-17 21:59:10.649 [info] > git status -z -uall [131ms]
2026-04-17 21:59:15.405 [info] > git check-ignore -v -z --stdin [3ms]
2026-04-17 21:59:15.692 [info] > git config --get commit.template [10ms]
2026-04-17 21:59:15.693 [info] > git for-each-ref --format=%(refname)%00%(upstream:short)%00%(objectname)%00%(upstream:track)%00%(upstream:remotename)%00%(upstream:remoteref) refs/heads/main refs/remotes/main [2ms]
2026-04-17 21:59:15.721 [info] > git for-each-ref --sort -committerdate --format %(refname)%00%(objectname)%00%(*objectname) [10ms]
2026-04-17 21:59:15.833 [info] > git status -z -uall [133ms]
2026-04-17 21:59:18.033 [info] > git check-ignore -v -z --stdin [3ms]
2026-04-17 21:59:20.873 [info] > git config --get commit.template [8ms]
2026-04-17 21:59:20.875 [info] > git for-each-ref --format=%(refname)%00%(upstream:short)%00%(objectname)%00%(upstream:track)%00%(upstream:remotename)%00%(upstream:remoteref) refs/heads/main refs/remotes/main [3ms]
2026-04-17 21:59:20.897 [info] > git for-each-ref --sort -committerdate --format %(refname)%00%(objectname)%00%(*objectname) [4ms]
2026-04-17 21:59:21.011 [info] > git status -z -uall [129ms]
2026-04-17 21:59:22.830 [info] > git check-ignore -v -z --stdin [3ms]
2026-04-17 22:00:53.050 [info] > git config --get commit.template [3ms]
2026-04-17 22:00:53.062 [info] > git for-each-ref --format=%(refname)%00%(upstream:short)%00%(objectname)%00%(upstream:track)%00%(upstream:remotename)%00%(upstream:remoteref) refs/heads/main refs/remotes/main [3ms]
2026-04-17 22:00:53.086 [info] > git for-each-ref --sort -committerdate --format %(refname)%00%(objectname)%00%(*objectname) [5ms]
2026-04-17 22:00:53.201 [info] > git status -z -uall [132ms]
2026-04-17 22:00:57.961 [info] > git check-ignore -v -z --stdin [4ms]
2026-04-17 22:00:58.254 [info] > git config --get commit.template [9ms]
2026-04-17 22:00:58.256 [info] > git for-each-ref --format=%(refname)%00%(upstream:short)%00%(objectname)%00%(upstream:track)%00%(upstream:remotename)%00%(upstream:remoteref) refs/heads/main refs/remotes/main [3ms]
2026-04-17 22:00:58.279 [info] > git for-each-ref --sort -committerdate --format %(refname)%00%(objectname)%00%(*objectname) [5ms]
2026-04-17 22:00:58.392 [info] > git status -z -uall [129ms]
2026-04-17 22:01:00.571 [info] > git check-ignore -v -z --stdin [3ms]
2026-04-17 22:01:03.431 [info] > git config --get commit.template [9ms]
2026-04-17 22:01:03.434 [info] > git for-each-ref --format=%(refname)%00%(upstream:short)%00%(objectname)%00%(upstream:track)%00%(upstream:remotename)%00%(upstream:remoteref) refs/heads/main refs/remotes/main [4ms]
2026-04-17 22:01:03.460 [info] > git for-each-ref --sort -committerdate --format %(refname)%00%(objectname)%00%(*objectname) [4ms]
2026-04-17 22:01:03.574 [info] > git status -z -uall [129ms]
2026-04-17 22:01:05.421 [info] > git check-ignore -v -z --stdin [3ms]
2026-04-17 22:01:08.609 [info] > git config --get commit.template [9ms]
2026-04-17 22:01:08.611 [info] > git for-each-ref --format=%(refname)%00%(upstream:short)%00%(objectname)%00%(upstream:track)%00%(upstream:remotename)%00%(upstream:remoteref) refs/heads/main refs/remotes/main [3ms]
2026-04-17 22:01:08.633 [info] > git for-each-ref --sort -committerdate --format %(refname)%00%(objectname)%00%(*objectname) [3ms]
2026-04-17 22:01:08.746 [info] > git status -z -uall [127ms]
2026-04-17 22:01:11.145 [info] > git check-ignore -v -z --stdin [2ms]
2026-04-17 22:01:13.797 [info] > git config --get commit.template [9ms]
2026-04-17 22:01:13.798 [info] > git for-each-ref --format=%(refname)%00%(upstream:short)%00%(objectname)%00%(upstream:track)%00%(upstream:remotename)%00%(upstream:remoteref) refs/heads/main refs/remotes/main [2ms]
2026-04-17 22:01:13.821 [info] > git for-each-ref --sort -committerdate --format %(refname)%00%(objectname)%00%(*objectname) [4ms]
2026-04-17 22:01:13.935 [info] > git status -z -uall [130ms]
2026-04-17 22:01:15.753 [info] > git check-ignore -v -z --stdin [2ms]
2026-04-17 22:01:18.968 [info] > git config --get commit.template [2ms]
2026-04-17 22:01:18.977 [info] > git for-each-ref --format=%(refname)%00%(upstream:short)%00%(objectname)%00%(upstream:track)%00%(upstream:remotename)%00%(upstream:remoteref) refs/heads/main refs/remotes/main [2ms]
2026-04-17 22:01:18.999 [info] > git for-each-ref --sort -committerdate --format %(refname)%00%(objectname)%00%(*objectname) [4ms]
2026-04-17 22:01:19.120 [info] > git status -z -uall [136ms]
2026-04-17 22:01:20.951 [info] > git check-ignore -v -z --stdin [3ms]
2026-04-17 22:01:24.159 [info] > git config --get commit.template [9ms]
2026-04-17 22:01:24.161 [info] > git for-each-ref --format=%(refname)%00%(upstream:short)%00%(objectname)%00%(upstream:track)%00%(upstream:remotename)%00%(upstream:remoteref) refs/heads/main refs/remotes/main [3ms]
2026-04-17 22:01:24.185 [info] > git for-each-ref --sort -committerdate --format %(refname)%00%(objectname)%00%(*objectname) [4ms]
2026-04-17 22:01:24.300 [info] > git status -z -uall [132ms]
2026-04-17 22:01:26.123 [info] > git check-ignore -v -z --stdin [3ms]
2026-04-17 22:03:20.034 [info] > git config --get commit.template [11ms]
2026-04-17 22:03:20.036 [info] > git for-each-ref --format=%(refname)%00%(upstream:short)%00%(objectname)%00%(upstream:track)%00%(upstream:remotename)%00%(upstream:remoteref) refs/heads/main refs/remotes/main [3ms]
2026-04-17 22:03:20.057 [info] > git for-each-ref --sort -committerdate --format %(refname)%00%(objectname)%00%(*objectname) [4ms]
2026-04-17 22:03:20.172 [info] > git status -z -uall [129ms]
2026-04-17 22:03:24.924 [info] > git check-ignore -v -z --stdin [3ms]
2026-04-17 22:03:25.219 [info] > git config --get commit.template [9ms]
2026-04-17 22:03:25.221 [info] > git for-each-ref --format=%(refname)%00%(upstream:short)%00%(objectname)%00%(upstream:track)%00%(upstream:remotename)%00%(upstream:remoteref) refs/heads/main refs/remotes/main [3ms]
2026-04-17 22:03:25.244 [info] > git for-each-ref --sort -committerdate --format %(refname)%00%(objectname)%00%(*objectname) [4ms]
2026-04-17 22:03:25.372 [info] > git status -z -uall [143ms]
2026-04-17 22:03:27.569 [info] > git check-ignore -v -z --stdin [3ms]
2026-04-17 22:03:36.375 [info] > git config --get commit.template [2ms]
2026-04-17 22:03:36.384 [info] > git for-each-ref --format=%(refname)%00%(upstream:short)%00%(objectname)%00%(upstream:track)%00%(upstream:remotename)%00%(upstream:remoteref) refs/heads/main refs/remotes/main [2ms]
2026-04-17 22:03:36.407 [info] > git for-each-ref --sort -committerdate --format %(refname)%00%(objectname)%00%(*objectname) [4ms]
2026-04-17 22:03:36.568 [info] > git status -z -uall [176ms]
2026-04-17 22:03:38.378 [info] > git check-ignore -v -z --stdin [4ms]
2026-04-17 22:03:41.598 [info] > git config --get commit.template [2ms]
2026-04-17 22:03:41.608 [info] > git for-each-ref --format=%(refname)%00%(upstream:short)%00%(objectname)%00%(upstream:track)%00%(upstream:remotename)%00%(upstream:remoteref) refs/heads/main refs/remotes/main [2ms]
2026-04-17 22:03:41.629 [info] > git for-each-ref --sort -committerdate --format %(refname)%00%(objectname)%00%(*objectname) [4ms]
2026-04-17 22:03:41.745 [info] > git status -z -uall [130ms]
2026-04-17 22:03:43.567 [info] > git check-ignore -v -z --stdin [6ms]
2026-04-17 22:04:33.838 [info] > git config --get commit.template [2ms]
2026-04-17 22:04:33.847 [info] > git for-each-ref --format=%(refname)%00%(upstream:short)%00%(objectname)%00%(upstream:track)%00%(upstream:remotename)%00%(upstream:remoteref) refs/heads/main refs/remotes/main [2ms]
2026-04-17 22:04:33.874 [info] > git for-each-ref --sort -committerdate --format %(refname)%00%(objectname)%00%(*objectname) [9ms]
2026-04-17 22:04:33.987 [info] > git status -z -uall [132ms]
2026-04-17 22:04:38.740 [info] > git check-ignore -v -z --stdin [3ms]
2026-04-17 22:04:39.032 [info] > git config --get commit.template [9ms]
2026-04-17 22:04:39.034 [info] > git for-each-ref --format=%(refname)%00%(upstream:short)%00%(objectname)%00%(upstream:track)%00%(upstream:remotename)%00%(upstream:remoteref) refs/heads/main refs/remotes/main [3ms]
2026-04-17 22:04:39.056 [info] > git for-each-ref --sort -committerdate --format %(refname)%00%(objectname)%00%(*objectname) [3ms]
2026-04-17 22:04:39.176 [info] > git status -z -uall [134ms]
2026-04-17 22:04:41.361 [info] > git check-ignore -v -z --stdin [3ms]
2026-04-17 22:04:44.216 [info] > git config --get commit.template [9ms]
2026-04-17 22:04:44.218 [info] > git for-each-ref --format=%(refname)%00%(upstream:short)%00%(objectname)%00%(upstream:track)%00%(upstream:remotename)%00%(upstream:remoteref) refs/heads/main refs/remotes/main [2ms]
2026-04-17 22:04:44.242 [info] > git for-each-ref --sort -committerdate --format %(refname)%00%(objectname)%00%(*objectname) [5ms]
2026-04-17 22:04:44.356 [info] > git status -z -uall [130ms]
2026-04-17 22:04:46.749 [info] > git check-ignore -v -z --stdin [3ms]
2026-04-17 22:05:01.824 [info] > git config --get commit.template [10ms]
2026-04-17 22:05:01.825 [info] > git for-each-ref --format=%(refname)%00%(upstream:short)%00%(objectname)%00%(upstream:track)%00%(upstream:remotename)%00%(upstream:remoteref) refs/heads/main refs/remotes/main [3ms]
2026-04-17 22:05:01.847 [info] > git for-each-ref --sort -committerdate --format %(refname)%00%(objectname)%00%(*objectname) [4ms]
2026-04-17 22:05:01.960 [info] > git status -z -uall [128ms]
2026-04-17 22:05:06.994 [info] > git config --get commit.template [9ms]
2026-04-17 22:05:06.995 [info] > git for-each-ref --format=%(refname)%00%(upstream:short)%00%(objectname)%00%(upstream:track)%00%(upstream:remotename)%00%(upstream:remoteref) refs/heads/main refs/remotes/main [2ms]
2026-04-17 22:05:07.020 [info] > git for-each-ref --sort -committerdate --format %(refname)%00%(objectname)%00%(*objectname) [6ms]
2026-04-17 22:05:07.066 [info] > git check-ignore -v -z --stdin [5ms]
2026-04-17 22:05:07.142 [info] > git status -z -uall [139ms]
2026-04-17 22:05:09.860 [info] > git check-ignore -v -z --stdin [3ms]
2026-04-17 22:05:12.182 [info] > git config --get commit.template [9ms]
2026-04-17 22:05:12.183 [info] > git for-each-ref --format=%(refname)%00%(upstream:short)%00%(objectname)%00%(upstream:track)%00%(upstream:remotename)%00%(upstream:remoteref) refs/heads/main refs/remotes/main [3ms]
2026-04-17 22:05:12.208 [info] > git for-each-ref --sort -committerdate --format %(refname)%00%(objectname)%00%(*objectname) [5ms]
2026-04-17 22:05:12.321 [info] > git status -z -uall [130ms]
2026-04-17 22:05:14.732 [info] > git check-ignore -v -z --stdin [2ms]
2026-04-17 22:05:17.361 [info] > git config --get commit.template [10ms]
2026-04-17 22:05:17.363 [info] > git for-each-ref --format=%(refname)%00%(upstream:short)%00%(objectname)%00%(upstream:track)%00%(upstream:remotename)%00%(upstream:remoteref) refs/heads/main refs/remotes/main [3ms]
2026-04-17 22:05:17.399 [info] > git for-each-ref --sort -committerdate --format %(refname)%00%(objectname)%00%(*objectname) [14ms]
2026-04-17 22:05:17.596 [info] > git status -z -uall [223ms]
2026-04-17 22:05:19.742 [info] > git check-ignore -v -z --stdin [3ms]
2026-04-17 22:05:22.990 [info] > git config --get commit.template [10ms]
2026-04-17 22:05:22.992 [info] > git for-each-ref --format=%(refname)%00%(upstream:short)%00%(objectname)%00%(upstream:track)%00%(upstream:remotename)%00%(upstream:remoteref) refs/heads/main refs/remotes/main [3ms]
2026-04-17 22:05:23.015 [info] > git for-each-ref --sort -committerdate --format %(refname)%00%(objectname)%00%(*objectname) [5ms]
2026-04-17 22:05:23.133 [info] > git status -z -uall [133ms]
2026-04-17 22:05:24.963 [info] > git check-ignore -v -z --stdin [3ms]
2026-04-17 22:05:28.173 [info] > git config --get commit.template [9ms]
2026-04-17 22:05:28.175 [info] > git for-each-ref --format=%(refname)%00%(upstream:short)%00%(objectname)%00%(upstream:track)%00%(upstream:remotename)%00%(upstream:remoteref) refs/heads/main refs/remotes/main [3ms]
2026-04-17 22:05:28.198 [info] > git for-each-ref --sort -committerdate --format %(refname)%00%(objectname)%00%(*objectname) [4ms]
2026-04-17 22:05:28.311 [info] > git status -z -uall [129ms]
2026-04-17 22:05:30.136 [info] > git check-ignore -v -z --stdin [3ms]
2026-04-17 22:05:33.352 [info] > git config --get commit.template [10ms]
2026-04-17 22:05:33.354 [info] > git for-each-ref --format=%(refname)%00%(upstream:short)%00%(objectname)%00%(upstream:track)%00%(upstream:remotename)%00%(upstream:remoteref) refs/heads/main refs/remotes/main [3ms]
2026-04-17 22:05:33.376 [info] > git for-each-ref --sort -committerdate --format %(refname)%00%(objectname)%00%(*objectname) [4ms]
2026-04-17 22:05:33.491 [info] > git status -z -uall [130ms]
2026-04-17 22:05:35.299 [info] > git check-ignore -v -z --stdin [3ms]
2026-04-17 22:05:38.526 [info] > git config --get commit.template [9ms]
2026-04-17 22:05:38.527 [info] > git for-each-ref --format=%(refname)%00%(upstream:short)%00%(objectname)%00%(upstream:track)%00%(upstream:remotename)%00%(upstream:remoteref) refs/heads/main refs/remotes/main [2ms]
2026-04-17 22:05:38.550 [info] > git for-each-ref --sort -committerdate --format %(refname)%00%(objectname)%00%(*objectname) [4ms]
2026-04-17 22:05:38.665 [info] > git status -z -uall [130ms]
2026-04-17 22:05:41.120 [info] > git check-ignore -v -z --stdin [3ms]
2026-04-17 22:05:45.294 [info] > git config --get commit.template [2ms]
2026-04-17 22:05:45.304 [info] > git for-each-ref --format=%(refname)%00%(upstream:short)%00%(objectname)%00%(upstream:track)%00%(upstream:remotename)%00%(upstream:remoteref) refs/heads/main refs/remotes/main [2ms]
2026-04-17 22:05:45.326 [info] > git for-each-ref --sort -committerdate --format %(refname)%00%(objectname)%00%(*objectname) [4ms]
2026-04-17 22:05:45.440 [info] > git status -z -uall [128ms]
2026-04-17 22:05:47.866 [info] > git check-ignore -v -z --stdin [4ms]
2026-04-17 22:05:52.388 [info] > git config --get commit.template [9ms]
2026-04-17 22:05:52.389 [info] > git for-each-ref --format=%(refname)%00%(upstream:short)%00%(objectname)%00%(upstream:track)%00%(upstream:remotename)%00%(upstream:remoteref) refs/heads/main refs/remotes/main [2ms]
2026-04-17 22:05:52.411 [info] > git for-each-ref --sort -committerdate --format %(refname)%00%(objectname)%00%(*objectname) [4ms]
2026-04-17 22:05:52.524 [info] > git status -z -uall [128ms]
2026-04-17 22:05:55.122 [info] > git check-ignore -v -z --stdin [3ms]
2026-04-17 22:06:54.850 [info] > git config --get commit.template [10ms]
2026-04-17 22:06:54.852 [info] > git for-each-ref --format=%(refname)%00%(upstream:short)%00%(objectname)%00%(upstream:track)%00%(upstream:remotename)%00%(upstream:remoteref) refs/heads/main refs/remotes/main [3ms]
2026-04-17 22:06:54.880 [info] > git for-each-ref --sort -committerdate --format %(refname)%00%(objectname)%00%(*objectname) [4ms]
2026-04-17 22:06:54.989 [info] > git status -z -uall [130ms]
2026-04-17 22:06:59.745 [info] > git check-ignore -v -z --stdin [3ms]
2026-04-17 22:07:00.030 [info] > git config --get commit.template [9ms]
2026-04-17 22:07:00.031 [info] > git for-each-ref --format=%(refname)%00%(upstream:short)%00%(objectname)%00%(upstream:track)%00%(upstream:remotename)%00%(upstream:remoteref) refs/heads/main refs/remotes/main [2ms]
2026-04-17 22:07:00.053 [info] > git for-each-ref --sort -committerdate --format %(refname)%00%(objectname)%00%(*objectname) [4ms]
2026-04-17 22:07:00.166 [info] > git status -z -uall [128ms]
2026-04-17 22:07:02.353 [info] > git check-ignore -v -z --stdin [3ms]
2026-04-17 22:07:05.207 [info] > git config --get commit.template [9ms]
2026-04-17 22:07:05.208 [info] > git for-each-ref --format=%(refname)%00%(upstream:short)%00%(objectname)%00%(upstream:track)%00%(upstream:remotename)%00%(upstream:remoteref) refs/heads/main refs/remotes/main [2ms]
2026-04-17 22:07:05.231 [info] > git for-each-ref --sort -committerdate --format %(refname)%00%(objectname)%00%(*objectname) [3ms]
2026-04-17 22:07:05.342 [info] > git status -z -uall [126ms]
2026-04-17 22:07:07.165 [info] > git check-ignore -v -z --stdin [3ms]
2026-04-17 22:07:10.379 [info] > git config --get commit.template [9ms]
2026-04-17 22:07:10.381 [info] > git for-each-ref --format=%(refname)%00%(upstream:short)%00%(objectname)%00%(upstream:track)%00%(upstream:remotename)%00%(upstream:remoteref) refs/heads/main refs/remotes/main [3ms]
2026-04-17 22:07:10.406 [info] > git for-each-ref --sort -committerdate --format %(refname)%00%(objectname)%00%(*objectname) [8ms]
2026-04-17 22:07:10.521 [info] > git status -z -uall [132ms]
2026-04-17 22:07:12.343 [info] > git check-ignore -v -z --stdin [5ms]
2026-04-17 22:07:26.049 [info] > git config --get commit.template [9ms]
2026-04-17 22:07:26.050 [info] > git for-each-ref --format=%(refname)%00%(upstream:short)%00%(objectname)%00%(upstream:track)%00%(upstream:remotename)%00%(upstream:remoteref) refs/heads/main refs/remotes/main [2ms]
2026-04-17 22:07:26.072 [info] > git for-each-ref --sort -committerdate --format %(refname)%00%(objectname)%00%(*objectname) [3ms]
2026-04-17 22:07:26.189 [info] > git status -z -uall [132ms]
2026-04-17 22:07:30.949 [info] > git check-ignore -v -z --stdin [3ms]
2026-04-17 22:07:31.216 [info] > git config --get commit.template [3ms]
2026-04-17 22:07:31.225 [info] > git for-each-ref --format=%(refname)%00%(upstream:short)%00%(objectname)%00%(upstream:track)%00%(upstream:remotename)%00%(upstream:remoteref) refs/heads/main refs/remotes/main [2ms]
2026-04-17 22:07:31.248 [info] > git for-each-ref --sort -committerdate --format %(refname)%00%(objectname)%00%(*objectname) [4ms]
2026-04-17 22:07:31.360 [info] > git status -z -uall [127ms]
2026-04-17 22:07:32.922 [info] > git check-ignore -v -z --stdin [3ms]
2026-04-17 22:07:34.346 [info] > git check-ignore -v -z --stdin [4ms]
2026-04-17 22:07:36.399 [info] > git config --get commit.template [9ms]
2026-04-17 22:07:36.401 [info] > git for-each-ref --format=%(refname)%00%(upstream:short)%00%(objectname)%00%(upstream:track)%00%(upstream:remotename)%00%(upstream:remoteref) refs/heads/main refs/remotes/main [3ms]
2026-04-17 22:07:36.424 [info] > git for-each-ref --sort -committerdate --format %(refname)%00%(objectname)%00%(*objectname) [4ms]
2026-04-17 22:07:36.578 [info] > git status -z -uall [170ms]
2026-04-17 22:07:38.385 [info] > git check-ignore -v -z --stdin [3ms]
2026-04-17 22:07:41.612 [info] > git config --get commit.template [10ms]
2026-04-17 22:07:41.613 [info] > git for-each-ref --format=%(refname)%00%(upstream:short)%00%(objectname)%00%(upstream:track)%00%(upstream:remotename)%00%(upstream:remoteref) refs/heads/main refs/remotes/main [2ms]
2026-04-17 22:07:41.636 [info] > git for-each-ref --sort -committerdate --format %(refname)%00%(objectname)%00%(*objectname) [4ms]
2026-04-17 22:07:41.753 [info] > git status -z -uall [132ms]
2026-04-17 22:07:44.155 [info] > git check-ignore -v -z --stdin [3ms]
2026-04-17 22:08:01.666 [info] > git config --get commit.template [9ms]
2026-04-17 22:08:01.668 [info] > git for-each-ref --format=%(refname)%00%(upstream:short)%00%(objectname)%00%(upstream:track)%00%(upstream:remotename)%00%(upstream:remoteref) refs/heads/main refs/remotes/main [3ms]
2026-04-17 22:08:01.689 [info] > git for-each-ref --sort -committerdate --format %(refname)%00%(objectname)%00%(*objectname) [3ms]
2026-04-17 22:08:01.801 [info] > git status -z -uall [126ms]
2026-04-17 22:08:07.115 [info] > git check-ignore -v -z --stdin [3ms]
2026-04-17 22:08:10.195 [info] > git config --get commit.template [3ms]
2026-04-17 22:08:10.205 [info] > git for-each-ref --format=%(refname)%00%(upstream:short)%00%(objectname)%00%(upstream:track)%00%(upstream:remotename)%00%(upstream:remoteref) refs/heads/main refs/remotes/main [2ms]
2026-04-17 22:08:10.227 [info] > git for-each-ref --sort -committerdate --format %(refname)%00%(objectname)%00%(*objectname) [5ms]
2026-04-17 22:08:10.342 [info] > git status -z -uall [129ms]
2026-04-17 22:08:13.178 [info] > git check-ignore -v -z --stdin [4ms]
2026-04-17 22:08:15.394 [info] > git config --get commit.template [9ms]
2026-04-17 22:08:15.395 [info] > git for-each-ref --format=%(refname)%00%(upstream:short)%00%(objectname)%00%(upstream:track)%00%(upstream:remotename)%00%(upstream:remoteref) refs/heads/main refs/remotes/main [3ms]
2026-04-17 22:08:15.417 [info] > git for-each-ref --sort -committerdate --format %(refname)%00%(objectname)%00%(*objectname) [4ms]
2026-04-17 22:08:15.533 [info] > git status -z -uall [130ms]
2026-04-17 22:08:17.369 [info] > git check-ignore -v -z --stdin [7ms]
2026-04-17 22:08:20.571 [info] > git config --get commit.template [9ms]
2026-04-17 22:08:20.573 [info] > git for-each-ref --format=%(refname)%00%(upstream:short)%00%(objectname)%00%(upstream:track)%00%(upstream:remotename)%00%(upstream:remoteref) refs/heads/main refs/remotes/main [3ms]
2026-04-17 22:08:20.595 [info] > git for-each-ref --sort -committerdate --format %(refname)%00%(objectname)%00%(*objectname) [4ms]
2026-04-17 22:08:20.708 [info] > git status -z -uall [128ms]
2026-04-17 22:08:22.534 [info] > git check-ignore -v -z --stdin [2ms]
2026-04-17 22:08:35.850 [info] > git config --get commit.template [2ms]
2026-04-17 22:08:35.860 [info] > git for-each-ref --format=%(refname)%00%(upstream:short)%00%(objectname)%00%(upstream:track)%00%(upstream:remotename)%00%(upstream:remoteref) refs/heads/main refs/remotes/main [3ms]
2026-04-17 22:08:35.882 [info] > git for-each-ref --sort -committerdate --format %(refname)%00%(objectname)%00%(*objectname) [4ms]
2026-04-17 22:08:35.995 [info] > git status -z -uall [127ms]
2026-04-17 22:08:37.817 [info] > git check-ignore -v -z --stdin [3ms]
2026-04-17 22:08:49.877 [info] > git config --get commit.template [9ms]
2026-04-17 22:08:49.879 [info] > git for-each-ref --format=%(refname)%00%(upstream:short)%00%(objectname)%00%(upstream:track)%00%(upstream:remotename)%00%(upstream:remoteref) refs/heads/main refs/remotes/main [3ms]
2026-04-17 22:08:49.904 [info] > git for-each-ref --sort -committerdate --format %(refname)%00%(objectname)%00%(*objectname) [7ms]
2026-04-17 22:08:50.018 [info] > git status -z -uall [132ms]
2026-04-17 22:08:54.125 [info] > git check-ignore -v -z --stdin [3ms]
2026-04-17 22:08:56.839 [info] > git config --get commit.template [9ms]
2026-04-17 22:08:56.840 [info] > git for-each-ref --format=%(refname)%00%(upstream:short)%00%(objectname)%00%(upstream:track)%00%(upstream:remotename)%00%(upstream:remoteref) refs/heads/main refs/remotes/main [2ms]
2026-04-17 22:08:56.862 [info] > git for-each-ref --sort -committerdate --format %(refname)%00%(objectname)%00%(*objectname) [4ms]
2026-04-17 22:08:56.975 [info] > git status -z -uall [128ms]
2026-04-17 22:08:59.423 [info] > git check-ignore -v -z --stdin [3ms]
2026-04-17 22:09:02.017 [info] > git config --get commit.template [10ms]
2026-04-17 22:09:02.019 [info] > git for-each-ref --format=%(refname)%00%(upstream:short)%00%(objectname)%00%(upstream:track)%00%(upstream:remotename)%00%(upstream:remoteref) refs/heads/main refs/remotes/main [2ms]
2026-04-17 22:09:02.042 [info] > git for-each-ref --sort -committerdate --format %(refname)%00%(objectname)%00%(*objectname) [5ms]
2026-04-17 22:09:02.154 [info] > git status -z -uall [128ms]
2026-04-17 22:09:03.983 [info] > git check-ignore -v -z --stdin [3ms]
2026-04-17 22:09:07.188 [info] > git config --get commit.template [5ms]
2026-04-17 22:09:07.198 [info] > git for-each-ref --format=%(refname)%00%(upstream:short)%00%(objectname)%00%(upstream:track)%00%(upstream:remotename)%00%(upstream:remoteref) refs/heads/main refs/remotes/main [2ms]
2026-04-17 22:09:07.220 [info] > git for-each-ref --sort -committerdate --format %(refname)%00%(objectname)%00%(*objectname) [4ms]
2026-04-17 22:09:07.337 [info] > git status -z -uall [132ms]
2026-04-17 22:09:09.167 [info] > git check-ignore -v -z --stdin [5ms]
2026-04-17 22:09:12.376 [info] > git config --get commit.template [9ms]
2026-04-17 22:09:12.377 [info] > git for-each-ref --format=%(refname)%00%(upstream:short)%00%(objectname)%00%(upstream:track)%00%(upstream:remotename)%00%(upstream:remoteref) refs/heads/main refs/remotes/main [2ms]
2026-04-17 22:09:12.400 [info] > git for-each-ref --sort -committerdate --format %(refname)%00%(objectname)%00%(*objectname) [4ms]
2026-04-17 22:09:12.512 [info] > git status -z -uall [128ms]
2026-04-17 22:09:14.347 [info] > git check-ignore -v -z --stdin [3ms]
2026-04-17 22:09:17.538 [info] > git config --get commit.template [2ms]
2026-04-17 22:09:17.547 [info] > git for-each-ref --format=%(refname)%00%(upstream:short)%00%(objectname)%00%(upstream:track)%00%(upstream:remotename)%00%(upstream:remoteref) refs/heads/main refs/remotes/main [2ms]
2026-04-17 22:09:17.570 [info] > git for-each-ref --sort -committerdate --format %(refname)%00%(objectname)%00%(*objectname) [4ms]
2026-04-17 22:09:17.686 [info] > git status -z -uall [132ms]
2026-04-17 22:09:20.111 [info] > git check-ignore -v -z --stdin [3ms]
2026-04-17 22:09:22.518 [info] > git check-ignore -v -z --stdin [3ms]
2026-04-17 22:09:22.724 [info] > git config --get commit.template [9ms]
2026-04-17 22:09:22.725 [info] > git for-each-ref --format=%(refname)%00%(upstream:short)%00%(objectname)%00%(upstream:track)%00%(upstream:remotename)%00%(upstream:remoteref) refs/heads/main refs/remotes/main [2ms]
2026-04-17 22:09:22.746 [info] > git for-each-ref --sort -committerdate --format %(refname)%00%(objectname)%00%(*objectname) [3ms]
2026-04-17 22:09:22.861 [info] > git status -z -uall [129ms]
2026-04-17 22:09:24.671 [info] > git check-ignore -v -z --stdin [3ms]
2026-04-17 22:09:32.156 [info] > git config --get commit.template [10ms]
2026-04-17 22:09:32.160 [info] > git for-each-ref --format=%(refname)%00%(upstream:short)%00%(objectname)%00%(upstream:track)%00%(upstream:remotename)%00%(upstream:remoteref) refs/heads/main refs/remotes/main [5ms]
2026-04-17 22:09:32.184 [info] > git for-each-ref --sort -committerdate --format %(refname)%00%(objectname)%00%(*objectname) [5ms]
2026-04-17 22:09:32.301 [info] > git status -z -uall [134ms]
2026-04-17 22:09:34.748 [info] > git check-ignore -v -z --stdin [6ms]
2026-04-17 22:10:17.304 [info] > git config --get commit.template [10ms]
2026-04-17 22:10:17.306 [info] > git for-each-ref --format=%(refname)%00%(upstream:short)%00%(objectname)%00%(upstream:track)%00%(upstream:remotename)%00%(upstream:remoteref) refs/heads/main refs/remotes/main [3ms]
2026-04-17 22:10:17.327 [info] > git for-each-ref --sort -committerdate --format %(refname)%00%(objectname)%00%(*objectname) [4ms]
2026-04-17 22:10:17.442 [info] > git status -z -uall [129ms]
2026-04-17 22:10:23.116 [info] > git check-ignore -v -z --stdin [3ms]
2026-04-17 22:16:26.938 [info] > git config --get commit.template [3ms]
2026-04-17 22:16:26.947 [info] > git for-each-ref --format=%(refname)%00%(upstream:short)%00%(objectname)%00%(upstream:track)%00%(upstream:remotename)%00%(upstream:remoteref) refs/heads/main refs/remotes/main [2ms]
2026-04-17 22:16:26.969 [info] > git for-each-ref --sort -committerdate --format %(refname)%00%(objectname)%00%(*objectname) [4ms]
2026-04-17 22:16:27.083 [info] > git status -z -uall [129ms]
2026-04-17 22:16:32.114 [info] > git check-ignore -v -z --stdin [3ms]
2026-04-17 22:38:20.045 [info] > git config --get commit.template [51ms]
2026-04-17 22:38:20.046 [info] > git for-each-ref --format=%(refname)%00%(upstream:short)%00%(objectname)%00%(upstream:track)%00%(upstream:remotename)%00%(upstream:remoteref) refs/heads/main refs/remotes/main [18ms]
2026-04-17 22:38:20.077 [info] > git for-each-ref --sort -committerdate --format %(refname)%00%(objectname)%00%(*objectname) [3ms]
2026-04-17 22:38:20.398 [info] > git status -z -uall [340ms]
2026-04-17 22:38:26.144 [info] > git check-ignore -v -z --stdin [4ms]
